boom_user_id,friends_count
bm_usr_000001,4
bm_usr_000002,8
bm_usr_000003,3
bm_usr_000004,5
bm_usr_000005,2
bm_usr_000006,2
bm_usr_000007,2
bm_usr_000008,3
bm_usr_000009,3
bm_usr_000010,7
bm_usr_000011,4
bm_usr_000012,3
bm_usr_000013,2
bm_usr_000014,5
bm_usr_000015,5
bm_usr_000016,5
bm_usr_000017,6
bm_usr_000018,2
bm_usr_000019,5
bm_usr_000020,6
bm_usr_000021,6
bm_usr_000022,2
bm_usr_000023,3
bm_usr_000024,3
bm_usr_000025,1
bm_usr_000026,4
bm_usr_000027,1
bm_usr_000028,3
bm_usr_000029,3
bm_usr_000030,13
bm_usr_000031,0
bm_usr_000032,4
bm_usr_000033,3
bm_usr_000034,2
bm_usr_000035,9
bm_usr_000036,5
bm_usr_000037,4
bm_usr_000038,0
bm_usr_000039,9
bm_usr_000040,0
bm_usr_000041,7
bm_usr_000042,4
bm_usr_000043,4
bm_usr_000044,5
bm_usr_000045,0
bm_usr_000046,4
bm_usr_000047,4
bm_usr_000048,1
bm_usr_000049,2
bm_usr_000050,1
bm_usr_000051,4
bm_usr_000052,4
bm_usr_000053,5
bm_usr_000054,3
bm_usr_000055,5
bm_usr_000056,2
bm_usr_000057,3
bm_usr_000058,5
bm_usr_000059,2
bm_usr_000060,7
bm_usr_000061,4
bm_usr_000062,3
bm_usr_000063,2
bm_usr_000064,3
bm_usr_000065,6
bm_usr_000066,16
bm_usr_000067,7
bm_usr_000068,4
bm_usr_000069,5
bm_usr_000070,5
bm_usr_000071,3
bm_usr_000072,5
bm_usr_000073,6
bm_usr_000074,0
bm_usr_000075,6
bm_usr_000076,5
bm_usr_000077,2
bm_usr_000078,7
bm_usr_000079,0
bm_usr_000080,1
bm_usr_000081,3
bm_usr_000082,4
bm_usr_000083,1
bm_usr_000084,8
bm_usr_000085,0
bm_usr_000086,1
bm_usr_000087,3
bm_usr_000088,8
bm_usr_000089,6
bm_usr_000090,2
bm_usr_000091,7
bm_usr_000092,3
bm_usr_000093,6
bm_usr_000094,3
bm_usr_000095,7
bm_usr_000096,5
bm_usr_000097,11
bm_usr_000098,7
bm_usr_000099,10
bm_usr_000100,1
bm_usr_000101,5
bm_usr_000102,8
bm_usr_000103,7
bm_usr_000104,1
bm_usr_000105,5
bm_usr_000106,10
bm_usr_000107,10
bm_usr_000108,0
bm_usr_000109,2
bm_usr_000110,4
bm_usr_000111,5
bm_usr_000112,6
bm_usr_000113,6
bm_usr_000114,3
bm_usr_000115,5
bm_usr_000116,2
bm_usr_000117,4
bm_usr_000118,1
bm_usr_000119,2
bm_usr_000120,3
bm_usr_000121,4
bm_usr_000122,2
bm_usr_000123,5
bm_usr_000124,4
bm_usr_000125,5
bm_usr_000126,9
bm_usr_000127,1
bm_usr_000128,3
bm_usr_000129,1
bm_usr_000130,2
bm_usr_000131,4
bm_usr_000132,2
bm_usr_000133,4
bm_usr_000134,7
bm_usr_000135,4
bm_usr_000136,2
bm_usr_000137,7
bm_usr_000138,9
bm_usr_000139,7
bm_usr_000140,4
bm_usr_000141,1
bm_usr_000142,5
bm_usr_000143,2
bm_usr_000144,7
bm_usr_000145,3
bm_usr_000146,4
bm_usr_000147,2
bm_usr_000148,2
bm_usr_000149,11
bm_usr_000150,4
bm_usr_000151,7
bm_usr_000152,1
bm_usr_000153,12
bm_usr_000154,2
bm_usr_000155,3
bm_usr_000156,9
bm_usr_000157,3
bm_usr_000158,5
bm_usr_000159,0
bm_usr_000160,4
bm_usr_000161,1
bm_usr_000162,1
bm_usr_000163,6
bm_usr_000164,6
bm_usr_000165,3
bm_usr_000166,3
bm_usr_000167,3
bm_usr_000168,7
bm_usr_000169,1
bm_usr_000170,6
bm_usr_000171,3
bm_usr_000172,6
bm_usr_000173,4
bm_usr_000174,4
bm_usr_000175,7
bm_usr_000176,3
bm_usr_000177,4
bm_usr_000178,0
bm_usr_000179,4
bm_usr_000180,4
bm_usr_000181,2
bm_usr_000182,3
bm_usr_000183,4
bm_usr_000184,4
bm_usr_000185,3
bm_usr_000186,4
bm_usr_000187,2
bm_usr_000188,4
bm_usr_000189,2
bm_usr_000190,2
bm_usr_000191,3
bm_usr_000192,6
bm_usr_000193,4
bm_usr_000194,5
bm_usr_000195,3
bm_usr_000196,4
bm_usr_000197,2
bm_usr_000198,6
bm_usr_000199,5
bm_usr_000200,8
bm_usr_000201,15
bm_usr_000202,5
bm_usr_000203,6
bm_usr_000204,3
bm_usr_000205,5
bm_usr_000206,5
bm_usr_000207,11
bm_usr_000208,2
bm_usr_000209,6
bm_usr_000210,4
bm_usr_000211,5
bm_usr_000212,5
bm_usr_000213,4
bm_usr_000214,3
bm_usr_000215,11
bm_usr_000216,12
bm_usr_000217,2
bm_usr_000218,0
bm_usr_000219,2
bm_usr_000220,2
bm_usr_000221,9
bm_usr_000222,2
bm_usr_000223,11
bm_usr_000224,2
bm_usr_000225,3
bm_usr_000226,4
bm_usr_000227,3
bm_usr_000228,5
bm_usr_000229,4
bm_usr_000230,7
bm_usr_000231,5
bm_usr_000232,2
bm_usr_000233,1
bm_usr_000234,8
bm_usr_000235,8
bm_usr_000236,3
bm_usr_000237,1
bm_usr_000238,5
bm_usr_000239,8
bm_usr_000240,2
bm_usr_000241,2
bm_usr_000242,2
bm_usr_000243,6
bm_usr_000244,4
bm_usr_000245,5
bm_usr_000246,6
bm_usr_000247,3
bm_usr_000248,2
bm_usr_000249,5
bm_usr_000250,5
bm_usr_000251,11
bm_usr_000252,4
bm_usr_000253,1
bm_usr_000254,4
bm_usr_000255,1
bm_usr_000256,1
bm_usr_000257,4
bm_usr_000258,2
bm_usr_000259,3
bm_usr_000260,2
bm_usr_000261,1
bm_usr_000262,4
bm_usr_000263,2
bm_usr_000264,3
bm_usr_000265,6
bm_usr_000266,3
bm_usr_000267,4
bm_usr_000268,4
bm_usr_000269,3
bm_usr_000270,4
bm_usr_000271,11
bm_usr_000272,5
bm_usr_000273,1
bm_usr_000274,0
bm_usr_000275,10
bm_usr_000276,3
bm_usr_000277,3
bm_usr_000278,2
bm_usr_000279,1
bm_usr_000280,1
bm_usr_000281,5
bm_usr_000282,1
bm_usr_000283,3
bm_usr_000284,8
bm_usr_000285,6
bm_usr_000286,6
bm_usr_000287,7
bm_usr_000288,3
bm_usr_000289,5
bm_usr_000290,4
bm_usr_000291,2
bm_usr_000292,0
bm_usr_000293,7
bm_usr_000294,10
bm_usr_000295,5
bm_usr_000296,6
bm_usr_000297,3
bm_usr_000298,4
bm_usr_000299,5
bm_usr_000300,4
bm_usr_000301,4
bm_usr_000302,2
bm_usr_000303,7
bm_usr_000304,3
bm_usr_000305,4
bm_usr_000306,5
bm_usr_000307,5
bm_usr_000308,1
bm_usr_000309,9
bm_usr_000310,8
bm_usr_000311,3
bm_usr_000312,3
bm_usr_000313,2
bm_usr_000314,4
bm_usr_000315,6
bm_usr_000316,5
bm_usr_000317,4
bm_usr_000318,1
bm_usr_000319,5
bm_usr_000320,6
bm_usr_000321,3
bm_usr_000322,7
bm_usr_000323,4
bm_usr_000324,7
bm_usr_000325,5
bm_usr_000326,2
bm_usr_000327,2
bm_usr_000328,5
bm_usr_000329,5
bm_usr_000330,3
bm_usr_000331,6
bm_usr_000332,0
bm_usr_000333,4
bm_usr_000334,1
bm_usr_000335,9
bm_usr_000336,3
bm_usr_000337,5
bm_usr_000338,3
bm_usr_000339,6
bm_usr_000340,9
bm_usr_000341,5
bm_usr_000342,3
bm_usr_000343,4
bm_usr_000344,3
bm_usr_000345,6
bm_usr_000346,2
bm_usr_000347,4
bm_usr_000348,5
bm_usr_000349,6
bm_usr_000350,2
bm_usr_000351,2
bm_usr_000352,2
bm_usr_000353,4
bm_usr_000354,7
bm_usr_000355,8
bm_usr_000356,6
bm_usr_000357,12
bm_usr_000358,8
bm_usr_000359,1
bm_usr_000360,2
bm_usr_000361,4
bm_usr_000362,3
bm_usr_000363,5
bm_usr_000364,3
bm_usr_000365,12
bm_usr_000366,3
bm_usr_000367,5
bm_usr_000368,3
bm_usr_000369,12
bm_usr_000370,2
bm_usr_000371,8
bm_usr_000372,3
bm_usr_000373,3
bm_usr_000374,7
bm_usr_000375,1
bm_usr_000376,4
bm_usr_000377,3
bm_usr_000378,2
bm_usr_000379,4
bm_usr_000380,4
bm_usr_000381,9
bm_usr_000382,2
bm_usr_000383,2
bm_usr_000384,3
bm_usr_000385,1
bm_usr_000386,5
bm_usr_000387,3
bm_usr_000388,5
bm_usr_000389,3
bm_usr_000390,4
bm_usr_000391,7
bm_usr_000392,4
bm_usr_000393,4
bm_usr_000394,1
bm_usr_000395,10
bm_usr_000396,8
bm_usr_000397,3
bm_usr_000398,4
bm_usr_000399,5
bm_usr_000400,6
bm_usr_000401,7
bm_usr_000402,3
bm_usr_000403,0
bm_usr_000404,3
bm_usr_000405,3
bm_usr_000406,3
bm_usr_000407,1
bm_usr_000408,4
bm_usr_000409,3
bm_usr_000410,4
bm_usr_000411,1
bm_usr_000412,3
bm_usr_000413,7
bm_usr_000414,9
bm_usr_000415,3
bm_usr_000416,11
bm_usr_000417,8
bm_usr_000418,5
bm_usr_000419,3
bm_usr_000420,3
bm_usr_000421,7
bm_usr_000422,5
bm_usr_000423,5
bm_usr_000424,3
bm_usr_000425,3
bm_usr_000426,4
bm_usr_000427,9
bm_usr_000428,0
bm_usr_000429,2
bm_usr_000430,5
bm_usr_000431,2
bm_usr_000432,8
bm_usr_000433,3
bm_usr_000434,5
bm_usr_000435,3
bm_usr_000436,2
bm_usr_000437,0
bm_usr_000438,3
bm_usr_000439,4
bm_usr_000440,5
bm_usr_000441,5
bm_usr_000442,4
bm_usr_000443,1
bm_usr_000444,3
bm_usr_000445,4
bm_usr_000446,4
bm_usr_000447,10
bm_usr_000448,4
bm_usr_000449,1
bm_usr_000450,3
bm_usr_000451,2
bm_usr_000452,3
bm_usr_000453,6
bm_usr_000454,5
bm_usr_000455,4
bm_usr_000456,3
bm_usr_000457,2
bm_usr_000458,1
bm_usr_000459,2
bm_usr_000460,12
bm_usr_000461,20
bm_usr_000462,3
bm_usr_000463,5
bm_usr_000464,3
bm_usr_000465,5
bm_usr_000466,7
bm_usr_000467,5
bm_usr_000468,6
bm_usr_000469,5
bm_usr_000470,2
bm_usr_000471,4
bm_usr_000472,2
bm_usr_000473,1
bm_usr_000474,1
bm_usr_000475,4
bm_usr_000476,2
bm_usr_000477,10
bm_usr_000478,1
bm_usr_000479,2
bm_usr_000480,1
bm_usr_000481,15
bm_usr_000482,8
bm_usr_000483,5
bm_usr_000484,7
bm_usr_000485,4
bm_usr_000486,6
bm_usr_000487,4
bm_usr_000488,14
bm_usr_000489,4
bm_usr_000490,5
bm_usr_000491,1
bm_usr_000492,5
bm_usr_000493,5
bm_usr_000494,3
bm_usr_000495,5
bm_usr_000496,11
bm_usr_000497,13
bm_usr_000498,4
bm_usr_000499,4
bm_usr_000500,5
bm_usr_000501,0
bm_usr_000502,1
bm_usr_000503,7
bm_usr_000504,3
bm_usr_000505,2
bm_usr_000506,2
bm_usr_000507,9
bm_usr_000508,6
bm_usr_000509,4
bm_usr_000510,8
bm_usr_000511,6
bm_usr_000512,0
bm_usr_000513,2
bm_usr_000514,3
bm_usr_000515,4
bm_usr_000516,7
bm_usr_000517,8
bm_usr_000518,4
bm_usr_000519,6
bm_usr_000520,2
bm_usr_000521,2
bm_usr_000522,2
bm_usr_000523,1
bm_usr_000524,5
bm_usr_000525,5
bm_usr_000526,4
bm_usr_000527,8
bm_usr_000528,5
bm_usr_000529,2
bm_usr_000530,5
bm_usr_000531,4
bm_usr_000532,2
bm_usr_000533,10
bm_usr_000534,8
bm_usr_000535,9
bm_usr_000536,7
bm_usr_000537,9
bm_usr_000538,5
bm_usr_000539,7
bm_usr_000540,2
bm_usr_000541,6
bm_usr_000542,5
bm_usr_000543,5
bm_usr_000544,4
bm_usr_000545,3
bm_usr_000546,7
bm_usr_000547,3
bm_usr_000548,1
bm_usr_000549,5
bm_usr_000550,8
bm_usr_000551,0
bm_usr_000552,9
bm_usr_000553,7
bm_usr_000554,6
bm_usr_000555,6
bm_usr_000556,8
bm_usr_000557,4
bm_usr_000558,13
bm_usr_000559,7
bm_usr_000560,5
bm_usr_000561,1
bm_usr_000562,2
bm_usr_000563,2
bm_usr_000564,12
bm_usr_000565,2
bm_usr_000566,7
bm_usr_000567,4
bm_usr_000568,10
bm_usr_000569,3
bm_usr_000570,2
bm_usr_000571,3
bm_usr_000572,2
bm_usr_000573,2
bm_usr_000574,2
bm_usr_000575,10
bm_usr_000576,5
bm_usr_000577,4
bm_usr_000578,3
bm_usr_000579,2
bm_usr_000580,4
bm_usr_000581,1
bm_usr_000582,8
bm_usr_000583,2
bm_usr_000584,2
bm_usr_000585,3
bm_usr_000586,4
bm_usr_000587,6
bm_usr_000588,8
bm_usr_000589,2
bm_usr_000590,5
bm_usr_000591,3
bm_usr_000592,1
bm_usr_000593,6
bm_usr_000594,3
bm_usr_000595,6
bm_usr_000596,3
bm_usr_000597,3
bm_usr_000598,4
bm_usr_000599,8
bm_usr_000600,4
bm_usr_000601,3
bm_usr_000602,10
bm_usr_000603,4
bm_usr_000604,5
bm_usr_000605,1
bm_usr_000606,6
bm_usr_000607,4
bm_usr_000608,3
bm_usr_000609,8
bm_usr_000610,8
bm_usr_000611,2
bm_usr_000612,1
bm_usr_000613,7
bm_usr_000614,4
bm_usr_000615,3
bm_usr_000616,9
bm_usr_000617,2
bm_usr_000618,1
bm_usr_000619,0
bm_usr_000620,4
bm_usr_000621,6
bm_usr_000622,4
bm_usr_000623,1
bm_usr_000624,3
bm_usr_000625,5
bm_usr_000626,3
bm_usr_000627,5
bm_usr_000628,10
bm_usr_000629,2
bm_usr_000630,0
bm_usr_000631,9
bm_usr_000632,4
bm_usr_000633,8
bm_usr_000634,4
bm_usr_000635,6
bm_usr_000636,7
bm_usr_000637,1
bm_usr_000638,6
bm_usr_000639,5
bm_usr_000640,4
bm_usr_000641,7
bm_usr_000642,1
bm_usr_000643,4
bm_usr_000644,4
bm_usr_000645,1
bm_usr_000646,6
bm_usr_000647,1
bm_usr_000648,5
bm_usr_000649,4
bm_usr_000650,10
bm_usr_000651,7
bm_usr_000652,9
bm_usr_000653,0
bm_usr_000654,5
bm_usr_000655,2
bm_usr_000656,4
bm_usr_000657,8
bm_usr_000658,1
bm_usr_000659,4
bm_usr_000660,8
bm_usr_000661,5
bm_usr_000662,3
bm_usr_000663,3
bm_usr_000664,7
bm_usr_000665,8
bm_usr_000666,4
bm_usr_000667,4
bm_usr_000668,4
bm_usr_000669,2
bm_usr_000670,9
bm_usr_000671,3
bm_usr_000672,1
bm_usr_000673,4
bm_usr_000674,4
bm_usr_000675,2
bm_usr_000676,2
bm_usr_000677,6
bm_usr_000678,5
bm_usr_000679,1
bm_usr_000680,4
bm_usr_000681,5
bm_usr_000682,5
bm_usr_000683,0
bm_usr_000684,2
bm_usr_000685,2
bm_usr_000686,5
bm_usr_000687,5
bm_usr_000688,4
bm_usr_000689,3
bm_usr_000690,2
bm_usr_000691,6
bm_usr_000692,4
bm_usr_000693,9
bm_usr_000694,0
bm_usr_000695,5
bm_usr_000696,12
bm_usr_000697,3
bm_usr_000698,5
bm_usr_000699,9
bm_usr_000700,6
bm_usr_000701,3
bm_usr_000702,5
bm_usr_000703,1
bm_usr_000704,2
bm_usr_000705,7
bm_usr_000706,4
bm_usr_000707,4
bm_usr_000708,3
bm_usr_000709,2
bm_usr_000710,3
bm_usr_000711,6
bm_usr_000712,3
bm_usr_000713,4
bm_usr_000714,4
bm_usr_000715,5
bm_usr_000716,3
bm_usr_000717,10
bm_usr_000718,3
bm_usr_000719,6
bm_usr_000720,6
bm_usr_000721,5
bm_usr_000722,8
bm_usr_000723,4
bm_usr_000724,5
bm_usr_000725,7
bm_usr_000726,2
bm_usr_000727,7
bm_usr_000728,5
bm_usr_000729,4
bm_usr_000730,0
bm_usr_000731,6
bm_usr_000732,5
bm_usr_000733,4
bm_usr_000734,3
bm_usr_000735,5
bm_usr_000736,3
bm_usr_000737,3
bm_usr_000738,3
bm_usr_000739,3
bm_usr_000740,3
bm_usr_000741,2
bm_usr_000742,4
bm_usr_000743,4
bm_usr_000744,4
bm_usr_000745,9
bm_usr_000746,2
bm_usr_000747,3
bm_usr_000748,4
bm_usr_000749,9
bm_usr_000750,2
bm_usr_000751,1
bm_usr_000752,4
bm_usr_000753,8
bm_usr_000754,0
bm_usr_000755,2
bm_usr_000756,4
bm_usr_000757,2
bm_usr_000758,0
bm_usr_000759,7
bm_usr_000760,4
bm_usr_000761,2
bm_usr_000762,3
bm_usr_000763,7
bm_usr_000764,5
bm_usr_000765,9
bm_usr_000766,2
bm_usr_000767,4
bm_usr_000768,7
bm_usr_000769,5
bm_usr_000770,1
bm_usr_000771,2
bm_usr_000772,4
bm_usr_000773,1
bm_usr_000774,1
bm_usr_000775,4
bm_usr_000776,3
bm_usr_000777,5
bm_usr_000778,4
bm_usr_000779,4
bm_usr_000780,4
bm_usr_000781,1
bm_usr_000782,6
bm_usr_000783,4
bm_usr_000784,3
bm_usr_000785,4
bm_usr_000786,3
bm_usr_000787,6
bm_usr_000788,2
bm_usr_000789,3
bm_usr_000790,4
bm_usr_000791,10
bm_usr_000792,3
bm_usr_000793,4
bm_usr_000794,3
bm_usr_000795,5
bm_usr_000796,1
bm_usr_000797,3
bm_usr_000798,2
bm_usr_000799,9
bm_usr_000800,4
bm_usr_000801,1
bm_usr_000802,5
bm_usr_000803,6
bm_usr_000804,1
bm_usr_000805,4
bm_usr_000806,8
bm_usr_000807,3
bm_usr_000808,3
bm_usr_000809,5
bm_usr_000810,1
bm_usr_000811,5
bm_usr_000812,3
bm_usr_000813,3
bm_usr_000814,7
bm_usr_000815,2
bm_usr_000816,3
bm_usr_000817,4
bm_usr_000818,3
bm_usr_000819,6
bm_usr_000820,6
bm_usr_000821,4
bm_usr_000822,4
bm_usr_000823,3
bm_usr_000824,4
bm_usr_000825,5
bm_usr_000826,3
bm_usr_000827,4
bm_usr_000828,11
bm_usr_000829,2
bm_usr_000830,3
bm_usr_000831,5
bm_usr_000832,4
bm_usr_000833,1
bm_usr_000834,1
bm_usr_000835,4
bm_usr_000836,3
bm_usr_000837,9
bm_usr_000838,2
bm_usr_000839,4
bm_usr_000840,6
bm_usr_000841,3
bm_usr_000842,3
bm_usr_000843,4
bm_usr_000844,9
bm_usr_000845,4
bm_usr_000846,2
bm_usr_000847,7
bm_usr_000848,1
bm_usr_000849,3
bm_usr_000850,5
bm_usr_000851,6
bm_usr_000852,4
bm_usr_000853,0
bm_usr_000854,1
bm_usr_000855,4
bm_usr_000856,8
bm_usr_000857,3
bm_usr_000858,7
bm_usr_000859,5
bm_usr_000860,4
bm_usr_000861,3
bm_usr_000862,6
bm_usr_000863,6
bm_usr_000864,4
bm_usr_000865,5
bm_usr_000866,3
bm_usr_000867,2
bm_usr_000868,4
bm_usr_000869,2
bm_usr_000870,3
bm_usr_000871,0
bm_usr_000872,10
bm_usr_000873,7
bm_usr_000874,3
bm_usr_000875,2
bm_usr_000876,4
bm_usr_000877,2
bm_usr_000878,6
bm_usr_000879,2
bm_usr_000880,5
bm_usr_000881,5
bm_usr_000882,7
bm_usr_000883,3
bm_usr_000884,8
bm_usr_000885,4
bm_usr_000886,0
bm_usr_000887,9
bm_usr_000888,2
bm_usr_000889,1
bm_usr_000890,5
bm_usr_000891,4
bm_usr_000892,4
bm_usr_000893,12
bm_usr_000894,3
bm_usr_000895,5
bm_usr_000896,2
bm_usr_000897,3
bm_usr_000898,4
bm_usr_000899,6
bm_usr_000900,2
bm_usr_000901,3
bm_usr_000902,10
bm_usr_000903,4
bm_usr_000904,3
bm_usr_000905,2
bm_usr_000906,9
bm_usr_000907,4
bm_usr_000908,4
bm_usr_000909,0
bm_usr_000910,4
bm_usr_000911,4
bm_usr_000912,1
bm_usr_000913,3
bm_usr_000914,9
bm_usr_000915,2
bm_usr_000916,5
bm_usr_000917,1
bm_usr_000918,3
bm_usr_000919,2
bm_usr_000920,3
bm_usr_000921,5
bm_usr_000922,8
bm_usr_000923,3
bm_usr_000924,4
bm_usr_000925,9
bm_usr_000926,7
bm_usr_000927,10
bm_usr_000928,4
bm_usr_000929,3
bm_usr_000930,3
bm_usr_000931,3
bm_usr_000932,1
bm_usr_000933,9
bm_usr_000934,4
bm_usr_000935,2
bm_usr_000936,3
bm_usr_000937,2
bm_usr_000938,3
bm_usr_000939,2
bm_usr_000940,3
bm_usr_000941,10
bm_usr_000942,3
bm_usr_000943,2
bm_usr_000944,4
bm_usr_000945,4
bm_usr_000946,3
bm_usr_000947,2
bm_usr_000948,3
bm_usr_000949,4
bm_usr_000950,2
bm_usr_000951,3
bm_usr_000952,3
bm_usr_000953,2
bm_usr_000954,4
bm_usr_000955,5
bm_usr_000956,2
bm_usr_000957,10
bm_usr_000958,6
bm_usr_000959,2
bm_usr_000960,4
bm_usr_000961,4
bm_usr_000962,1
bm_usr_000963,3
bm_usr_000964,5
bm_usr_000965,7
bm_usr_000966,5
bm_usr_000967,0
bm_usr_000968,4
bm_usr_000969,3
bm_usr_000970,1
bm_usr_000971,4
bm_usr_000972,2
bm_usr_000973,3
bm_usr_000974,2
bm_usr_000975,4
bm_usr_000976,1
bm_usr_000977,3
bm_usr_000978,6
bm_usr_000979,2
bm_usr_000980,3
bm_usr_000981,2
bm_usr_000982,7
bm_usr_000983,3
bm_usr_000984,9
bm_usr_000985,5
bm_usr_000986,9
bm_usr_000987,4
bm_usr_000988,5
bm_usr_000989,8
bm_usr_000990,11
bm_usr_000991,6
bm_usr_000992,3
bm_usr_000993,4
bm_usr_000994,3
bm_usr_000995,4
bm_usr_000996,6
bm_usr_000997,5
bm_usr_000998,11
bm_usr_000999,1
bm_usr_001000,4
bm_usr_001001,4
bm_usr_001002,2
bm_usr_001003,2
bm_usr_001004,7
bm_usr_001005,2
bm_usr_001006,2
bm_usr_001007,5
bm_usr_001008,4
bm_usr_001009,2
bm_usr_001010,4
bm_usr_001011,4
bm_usr_001012,3
bm_usr_001013,1
bm_usr_001014,3
bm_usr_001015,4
bm_usr_001016,2
bm_usr_001017,2
bm_usr_001018,1
bm_usr_001019,8
bm_usr_001020,1
bm_usr_001021,5
bm_usr_001022,4
bm_usr_001023,3
bm_usr_001024,4
bm_usr_001025,0
bm_usr_001026,0
bm_usr_001027,4
bm_usr_001028,5
bm_usr_001029,4
bm_usr_001030,5
bm_usr_001031,8
bm_usr_001032,9
bm_usr_001033,4
bm_usr_001034,2
bm_usr_001035,4
bm_usr_001036,4
bm_usr_001037,1
bm_usr_001038,4
bm_usr_001039,4
bm_usr_001040,3
bm_usr_001041,9
bm_usr_001042,8
bm_usr_001043,6
bm_usr_001044,1
bm_usr_001045,8
bm_usr_001046,6
bm_usr_001047,3
bm_usr_001048,4
bm_usr_001049,4
bm_usr_001050,3
bm_usr_001051,5
bm_usr_001052,5
bm_usr_001053,2
bm_usr_001054,5
bm_usr_001055,3
bm_usr_001056,1
bm_usr_001057,5
bm_usr_001058,4
bm_usr_001059,5
bm_usr_001060,1
bm_usr_001061,2
bm_usr_001062,6
bm_usr_001063,5
bm_usr_001064,3
bm_usr_001065,3
bm_usr_001066,11
bm_usr_001067,2
bm_usr_001068,4
bm_usr_001069,4
bm_usr_001070,6
bm_usr_001071,6
bm_usr_001072,5
bm_usr_001073,2
bm_usr_001074,4
bm_usr_001075,3
bm_usr_001076,3
bm_usr_001077,2
bm_usr_001078,10
bm_usr_001079,0
bm_usr_001080,3
bm_usr_001081,3
bm_usr_001082,2
bm_usr_001083,4
bm_usr_001084,5
bm_usr_001085,5
bm_usr_001086,3
bm_usr_001087,2
bm_usr_001088,2
bm_usr_001089,3
bm_usr_001090,8
bm_usr_001091,3
bm_usr_001092,2
bm_usr_001093,5
bm_usr_001094,2
bm_usr_001095,12
bm_usr_001096,10
bm_usr_001097,1
bm_usr_001098,7
bm_usr_001099,5
bm_usr_001100,4
bm_usr_001101,3
bm_usr_001102,2
bm_usr_001103,5
bm_usr_001104,5
bm_usr_001105,5
bm_usr_001106,5
bm_usr_001107,2
bm_usr_001108,5
bm_usr_001109,4
bm_usr_001110,3
bm_usr_001111,4
bm_usr_001112,7
bm_usr_001113,5
bm_usr_001114,1
bm_usr_001115,3
bm_usr_001116,2
bm_usr_001117,3
bm_usr_001118,3
bm_usr_001119,12
bm_usr_001120,1
bm_usr_001121,7
bm_usr_001122,3
bm_usr_001123,2
bm_usr_001124,4
bm_usr_001125,4
bm_usr_001126,3
bm_usr_001127,1
bm_usr_001128,2
bm_usr_001129,6
bm_usr_001130,3
bm_usr_001131,3
bm_usr_001132,3
bm_usr_001133,2
bm_usr_001134,5
bm_usr_001135,2
bm_usr_001136,7
bm_usr_001137,9
bm_usr_001138,4
bm_usr_001139,5
bm_usr_001140,5
bm_usr_001141,5
bm_usr_001142,3
bm_usr_001143,4
bm_usr_001144,2
bm_usr_001145,9
bm_usr_001146,3
bm_usr_001147,5
bm_usr_001148,8
bm_usr_001149,3
bm_usr_001150,1
bm_usr_001151,8
bm_usr_001152,6
bm_usr_001153,6
bm_usr_001154,2
bm_usr_001155,4
bm_usr_001156,5
bm_usr_001157,4
bm_usr_001158,5
bm_usr_001159,0
bm_usr_001160,4
bm_usr_001161,8
bm_usr_001162,12
bm_usr_001163,4
bm_usr_001164,7
bm_usr_001165,4
bm_usr_001166,6
bm_usr_001167,3
bm_usr_001168,4
bm_usr_001169,4
bm_usr_001170,3
bm_usr_001171,6
bm_usr_001172,11
bm_usr_001173,4
bm_usr_001174,4
bm_usr_001175,2
bm_usr_001176,5
bm_usr_001177,3
bm_usr_001178,3
bm_usr_001179,15
bm_usr_001180,5
bm_usr_001181,4
bm_usr_001182,1
bm_usr_001183,4
bm_usr_001184,8
bm_usr_001185,4
bm_usr_001186,3
bm_usr_001187,5
bm_usr_001188,2
bm_usr_001189,4
bm_usr_001190,12
bm_usr_001191,2
bm_usr_001192,3
bm_usr_001193,1
bm_usr_001194,3
bm_usr_001195,1
bm_usr_001196,8
bm_usr_001197,1
bm_usr_001198,4
bm_usr_001199,4
bm_usr_001200,0
bm_usr_001201,3
bm_usr_001202,3
bm_usr_001203,4
bm_usr_001204,8
bm_usr_001205,9
bm_usr_001206,4
bm_usr_001207,0
bm_usr_001208,1
bm_usr_001209,7
bm_usr_001210,11
bm_usr_001211,6
bm_usr_001212,1
bm_usr_001213,3
bm_usr_001214,4
bm_usr_001215,10
bm_usr_001216,2
bm_usr_001217,1
bm_usr_001218,3
bm_usr_001219,3
bm_usr_001220,2
bm_usr_001221,3
bm_usr_001222,8
bm_usr_001223,2
bm_usr_001224,5
bm_usr_001225,5
bm_usr_001226,4
bm_usr_001227,12
bm_usr_001228,3
bm_usr_001229,2
bm_usr_001230,10
bm_usr_001231,5
bm_usr_001232,5
bm_usr_001233,6
bm_usr_001234,0
bm_usr_001235,6
bm_usr_001236,8
bm_usr_001237,1
bm_usr_001238,5
bm_usr_001239,7
bm_usr_001240,6
bm_usr_001241,4
bm_usr_001242,5
bm_usr_001243,1
bm_usr_001244,1
bm_usr_001245,3
bm_usr_001246,2
bm_usr_001247,5
bm_usr_001248,3
bm_usr_001249,1
bm_usr_001250,4
bm_usr_001251,6
bm_usr_001252,12
bm_usr_001253,12
bm_usr_001254,3
bm_usr_001255,3
bm_usr_001256,5
bm_usr_001257,0
bm_usr_001258,2
bm_usr_001259,3
bm_usr_001260,5
bm_usr_001261,6
bm_usr_001262,4
bm_usr_001263,5
bm_usr_001264,0
bm_usr_001265,4
bm_usr_001266,0
bm_usr_001267,2
bm_usr_001268,9
bm_usr_001269,1
bm_usr_001270,4
bm_usr_001271,5
bm_usr_001272,6
bm_usr_001273,4
bm_usr_001274,3
bm_usr_001275,11
bm_usr_001276,3
bm_usr_001277,4
bm_usr_001278,0
bm_usr_001279,10
bm_usr_001280,4
bm_usr_001281,5
bm_usr_001282,2
bm_usr_001283,2
bm_usr_001284,1
bm_usr_001285,2
bm_usr_001286,5
bm_usr_001287,3
bm_usr_001288,6
bm_usr_001289,9
bm_usr_001290,7
bm_usr_001291,5
bm_usr_001292,5
bm_usr_001293,2
bm_usr_001294,5
bm_usr_001295,12
bm_usr_001296,3
bm_usr_001297,3
bm_usr_001298,5
bm_usr_001299,4
bm_usr_001300,4
bm_usr_001301,4
bm_usr_001302,3
bm_usr_001303,3
bm_usr_001304,4
bm_usr_001305,4
bm_usr_001306,1
bm_usr_001307,3
bm_usr_001308,4
bm_usr_001309,3
bm_usr_001310,3
bm_usr_001311,4
bm_usr_001312,4
bm_usr_001313,5
bm_usr_001314,3
bm_usr_001315,1
bm_usr_001316,2
bm_usr_001317,5
bm_usr_001318,4
bm_usr_001319,4
bm_usr_001320,6
bm_usr_001321,2
bm_usr_001322,2
bm_usr_001323,11
bm_usr_001324,5
bm_usr_001325,4
bm_usr_001326,3
bm_usr_001327,8
bm_usr_001328,4
bm_usr_001329,4
bm_usr_001330,2
bm_usr_001331,4
bm_usr_001332,7
bm_usr_001333,2
bm_usr_001334,7
bm_usr_001335,5
bm_usr_001336,3
bm_usr_001337,3
bm_usr_001338,2
bm_usr_001339,6
bm_usr_001340,3
bm_usr_001341,2
bm_usr_001342,4
bm_usr_001343,2
bm_usr_001344,4
bm_usr_001345,3
bm_usr_001346,9
bm_usr_001347,5
bm_usr_001348,3
bm_usr_001349,6
bm_usr_001350,4
bm_usr_001351,4
bm_usr_001352,1
bm_usr_001353,7
bm_usr_001354,1
bm_usr_001355,5
bm_usr_001356,3
bm_usr_001357,4
bm_usr_001358,3
bm_usr_001359,11
bm_usr_001360,4
bm_usr_001361,5
bm_usr_001362,8
bm_usr_001363,4
bm_usr_001364,3
bm_usr_001365,5
bm_usr_001366,4
bm_usr_001367,2
bm_usr_001368,3
bm_usr_001369,4
bm_usr_001370,6
bm_usr_001371,4
bm_usr_001372,5
bm_usr_001373,6
bm_usr_001374,3
bm_usr_001375,9
bm_usr_001376,2
bm_usr_001377,0
bm_usr_001378,2
bm_usr_001379,3
bm_usr_001380,6
bm_usr_001381,4
bm_usr_001382,4
bm_usr_001383,1
bm_usr_001384,2
bm_usr_001385,1
bm_usr_001386,4
bm_usr_001387,4
bm_usr_001388,4
bm_usr_001389,10
bm_usr_001390,2
bm_usr_001391,9
bm_usr_001392,3
bm_usr_001393,4
bm_usr_001394,3
bm_usr_001395,11
bm_usr_001396,2
bm_usr_001397,9
bm_usr_001398,3
bm_usr_001399,3
bm_usr_001400,4
bm_usr_001401,1
bm_usr_001402,11
bm_usr_001403,7
bm_usr_001404,2
bm_usr_001405,0
bm_usr_001406,3
bm_usr_001407,11
bm_usr_001408,5
bm_usr_001409,5
bm_usr_001410,2
bm_usr_001411,5
bm_usr_001412,2
bm_usr_001413,5
bm_usr_001414,2
bm_usr_001415,6
bm_usr_001416,1
bm_usr_001417,5
bm_usr_001418,3
bm_usr_001419,7
bm_usr_001420,14
bm_usr_001421,6
bm_usr_001422,5
bm_usr_001423,6
bm_usr_001424,4
bm_usr_001425,3
bm_usr_001426,6
bm_usr_001427,9
bm_usr_001428,2
bm_usr_001429,4
bm_usr_001430,3
bm_usr_001431,3
bm_usr_001432,4
bm_usr_001433,1
bm_usr_001434,8
bm_usr_001435,5
bm_usr_001436,3
bm_usr_001437,5
bm_usr_001438,1
bm_usr_001439,6
bm_usr_001440,4
bm_usr_001441,5
bm_usr_001442,5
bm_usr_001443,3
bm_usr_001444,2
bm_usr_001445,2
bm_usr_001446,5
bm_usr_001447,6
bm_usr_001448,2
bm_usr_001449,5
bm_usr_001450,1
bm_usr_001451,12
bm_usr_001452,4
bm_usr_001453,2
bm_usr_001454,2
bm_usr_001455,4
bm_usr_001456,4
bm_usr_001457,5
bm_usr_001458,5
bm_usr_001459,1
bm_usr_001460,10
bm_usr_001461,2
bm_usr_001462,8
bm_usr_001463,6
bm_usr_001464,8
bm_usr_001465,4
bm_usr_001466,3
bm_usr_001467,8
bm_usr_001468,3
bm_usr_001469,10
bm_usr_001470,5
bm_usr_001471,4
bm_usr_001472,2
bm_usr_001473,4
bm_usr_001474,4
bm_usr_001475,5
bm_usr_001476,4
bm_usr_001477,1
bm_usr_001478,2
bm_usr_001479,2
bm_usr_001480,4
bm_usr_001481,8
bm_usr_001482,3
bm_usr_001483,6
bm_usr_001484,3
bm_usr_001485,0
bm_usr_001486,7
bm_usr_001487,2
bm_usr_001488,3
bm_usr_001489,7
bm_usr_001490,3
bm_usr_001491,7
bm_usr_001492,1
bm_usr_001493,4
bm_usr_001494,6
bm_usr_001495,3
bm_usr_001496,4
bm_usr_001497,5
bm_usr_001498,3
bm_usr_001499,1
bm_usr_001500,6
bm_usr_001501,5
bm_usr_001502,1
bm_usr_001503,3
bm_usr_001504,4
bm_usr_001505,3
bm_usr_001506,7
bm_usr_001507,2
bm_usr_001508,4
bm_usr_001509,10
bm_usr_001510,2
bm_usr_001511,2
bm_usr_001512,7
bm_usr_001513,1
bm_usr_001514,2
bm_usr_001515,2
bm_usr_001516,5
bm_usr_001517,9
bm_usr_001518,4
bm_usr_001519,4
bm_usr_001520,8
bm_usr_001521,14
bm_usr_001522,3
bm_usr_001523,3
bm_usr_001524,3
bm_usr_001525,6
bm_usr_001526,2
bm_usr_001527,4
bm_usr_001528,4
bm_usr_001529,1
bm_usr_001530,10
bm_usr_001531,1
bm_usr_001532,3
bm_usr_001533,6
bm_usr_001534,4
bm_usr_001535,2
bm_usr_001536,2
bm_usr_001537,7
bm_usr_001538,8
bm_usr_001539,7
bm_usr_001540,4
bm_usr_001541,5
bm_usr_001542,5
bm_usr_001543,3
bm_usr_001544,5
bm_usr_001545,8
bm_usr_001546,3
bm_usr_001547,4
bm_usr_001548,5
bm_usr_001549,6
bm_usr_001550,5
bm_usr_001551,6
bm_usr_001552,9
bm_usr_001553,2
bm_usr_001554,2
bm_usr_001555,4
bm_usr_001556,4
bm_usr_001557,3
bm_usr_001558,3
bm_usr_001559,3
bm_usr_001560,2
bm_usr_001561,3
bm_usr_001562,2
bm_usr_001563,7
bm_usr_001564,5
bm_usr_001565,5
bm_usr_001566,6
bm_usr_001567,1
bm_usr_001568,6
bm_usr_001569,5
bm_usr_001570,3
bm_usr_001571,9
bm_usr_001572,2
bm_usr_001573,4
bm_usr_001574,4
bm_usr_001575,3
bm_usr_001576,5
bm_usr_001577,10
bm_usr_001578,3
bm_usr_001579,2
bm_usr_001580,4
bm_usr_001581,3
bm_usr_001582,0
bm_usr_001583,10
bm_usr_001584,2
bm_usr_001585,5
bm_usr_001586,4
bm_usr_001587,9
bm_usr_001588,4
bm_usr_001589,5
bm_usr_001590,2
bm_usr_001591,13
bm_usr_001592,5
bm_usr_001593,5
bm_usr_001594,6
bm_usr_001595,4
bm_usr_001596,3
bm_usr_001597,4
bm_usr_001598,4
bm_usr_001599,3
bm_usr_001600,5
bm_usr_001601,5
bm_usr_001602,3
bm_usr_001603,7
bm_usr_001604,6
bm_usr_001605,13
bm_usr_001606,6
bm_usr_001607,6
bm_usr_001608,5
bm_usr_001609,4
bm_usr_001610,4
bm_usr_001611,9
bm_usr_001612,7
bm_usr_001613,3
bm_usr_001614,2
bm_usr_001615,5
bm_usr_001616,4
bm_usr_001617,5
bm_usr_001618,9
bm_usr_001619,8
bm_usr_001620,2
bm_usr_001621,4
bm_usr_001622,3
bm_usr_001623,3
bm_usr_001624,4
bm_usr_001625,10
bm_usr_001626,1
bm_usr_001627,2
bm_usr_001628,5
bm_usr_001629,5
bm_usr_001630,1
bm_usr_001631,4
bm_usr_001632,8
bm_usr_001633,9
bm_usr_001634,3
bm_usr_001635,1
bm_usr_001636,2
bm_usr_001637,2
bm_usr_001638,9
bm_usr_001639,6
bm_usr_001640,7
bm_usr_001641,4
bm_usr_001642,2
bm_usr_001643,3
bm_usr_001644,1
bm_usr_001645,8
bm_usr_001646,5
bm_usr_001647,4
bm_usr_001648,0
bm_usr_001649,4
bm_usr_001650,2
bm_usr_001651,0
bm_usr_001652,3
bm_usr_001653,3
bm_usr_001654,4
bm_usr_001655,12
bm_usr_001656,2
bm_usr_001657,3
bm_usr_001658,13
bm_usr_001659,5
bm_usr_001660,10
bm_usr_001661,7
bm_usr_001662,2
bm_usr_001663,2
bm_usr_001664,3
bm_usr_001665,5
bm_usr_001666,11
bm_usr_001667,5
bm_usr_001668,10
bm_usr_001669,4
bm_usr_001670,2
bm_usr_001671,7
bm_usr_001672,8
bm_usr_001673,3
bm_usr_001674,9
bm_usr_001675,4
bm_usr_001676,6
bm_usr_001677,3
bm_usr_001678,1
bm_usr_001679,2
bm_usr_001680,1
bm_usr_001681,5
bm_usr_001682,3
bm_usr_001683,6
bm_usr_001684,7
bm_usr_001685,4
bm_usr_001686,5
bm_usr_001687,9
bm_usr_001688,8
bm_usr_001689,6
bm_usr_001690,3
bm_usr_001691,4
bm_usr_001692,4
bm_usr_001693,1
bm_usr_001694,1
bm_usr_001695,2
bm_usr_001696,6
bm_usr_001697,5
bm_usr_001698,2
bm_usr_001699,6
bm_usr_001700,6
bm_usr_001701,3
bm_usr_001702,3
bm_usr_001703,3
bm_usr_001704,3
bm_usr_001705,2
bm_usr_001706,3
bm_usr_001707,1
bm_usr_001708,1
bm_usr_001709,5
bm_usr_001710,3
bm_usr_001711,3
bm_usr_001712,6
bm_usr_001713,2
bm_usr_001714,4
bm_usr_001715,3
bm_usr_001716,4
bm_usr_001717,2
bm_usr_001718,2
bm_usr_001719,2
bm_usr_001720,3
bm_usr_001721,9
bm_usr_001722,8
bm_usr_001723,2
bm_usr_001724,6
bm_usr_001725,6
bm_usr_001726,4
bm_usr_001727,7
bm_usr_001728,5
bm_usr_001729,7
bm_usr_001730,9
bm_usr_001731,3
bm_usr_001732,4
bm_usr_001733,2
bm_usr_001734,6
bm_usr_001735,10
bm_usr_001736,1
bm_usr_001737,4
bm_usr_001738,2
bm_usr_001739,5
bm_usr_001740,4
bm_usr_001741,0
bm_usr_001742,1
bm_usr_001743,7
bm_usr_001744,3
bm_usr_001745,2
bm_usr_001746,13
bm_usr_001747,6
bm_usr_001748,0
bm_usr_001749,2
bm_usr_001750,0
bm_usr_001751,4
bm_usr_001752,0
bm_usr_001753,6
bm_usr_001754,10
bm_usr_001755,4
bm_usr_001756,7
bm_usr_001757,1
bm_usr_001758,1
bm_usr_001759,2
bm_usr_001760,3
bm_usr_001761,6
bm_usr_001762,6
bm_usr_001763,4
bm_usr_001764,3
bm_usr_001765,5
bm_usr_001766,6
bm_usr_001767,5
bm_usr_001768,4
bm_usr_001769,3
bm_usr_001770,5
bm_usr_001771,4
bm_usr_001772,4
bm_usr_001773,2
bm_usr_001774,2
bm_usr_001775,4
bm_usr_001776,4
bm_usr_001777,4
bm_usr_001778,3
bm_usr_001779,5
bm_usr_001780,7
bm_usr_001781,12
bm_usr_001782,0
bm_usr_001783,1
bm_usr_001784,1
bm_usr_001785,2
bm_usr_001786,2
bm_usr_001787,5
bm_usr_001788,6
bm_usr_001789,4
bm_usr_001790,3
bm_usr_001791,9
bm_usr_001792,10
bm_usr_001793,9
bm_usr_001794,3
bm_usr_001795,1
bm_usr_001796,3
bm_usr_001797,3
bm_usr_001798,1
bm_usr_001799,5
bm_usr_001800,1
bm_usr_001801,5
bm_usr_001802,9
bm_usr_001803,4
bm_usr_001804,4
bm_usr_001805,2
bm_usr_001806,4
bm_usr_001807,4
bm_usr_001808,6
bm_usr_001809,5
bm_usr_001810,5
bm_usr_001811,1
bm_usr_001812,0
bm_usr_001813,0
bm_usr_001814,3
bm_usr_001815,1
bm_usr_001816,8
bm_usr_001817,6
bm_usr_001818,6
bm_usr_001819,2
bm_usr_001820,0
bm_usr_001821,3
bm_usr_001822,4
bm_usr_001823,4
bm_usr_001824,8
bm_usr_001825,8
bm_usr_001826,2
bm_usr_001827,6
bm_usr_001828,3
bm_usr_001829,2
bm_usr_001830,8
bm_usr_001831,4
bm_usr_001832,2
bm_usr_001833,2
bm_usr_001834,5
bm_usr_001835,2
bm_usr_001836,5
bm_usr_001837,6
bm_usr_001838,4
bm_usr_001839,3
bm_usr_001840,8
bm_usr_001841,1
bm_usr_001842,3
bm_usr_001843,4
bm_usr_001844,5
bm_usr_001845,1
bm_usr_001846,5
bm_usr_001847,4
bm_usr_001848,4
bm_usr_001849,4
bm_usr_001850,3
bm_usr_001851,4
bm_usr_001852,4
bm_usr_001853,4
bm_usr_001854,5
bm_usr_001855,8
bm_usr_001856,1
bm_usr_001857,3
bm_usr_001858,3
bm_usr_001859,2
bm_usr_001860,2
bm_usr_001861,4
bm_usr_001862,11
bm_usr_001863,2
bm_usr_001864,3
bm_usr_001865,2
bm_usr_001866,2
bm_usr_001867,5
bm_usr_001868,7
bm_usr_001869,4
bm_usr_001870,4
bm_usr_001871,7
bm_usr_001872,6
bm_usr_001873,1
bm_usr_001874,3
bm_usr_001875,3
bm_usr_001876,2
bm_usr_001877,2
bm_usr_001878,1
bm_usr_001879,4
bm_usr_001880,5
bm_usr_001881,2
bm_usr_001882,3
bm_usr_001883,3
bm_usr_001884,5
bm_usr_001885,3
bm_usr_001886,4
bm_usr_001887,4
bm_usr_001888,6
bm_usr_001889,2
bm_usr_001890,3
bm_usr_001891,1
bm_usr_001892,6
bm_usr_001893,4
bm_usr_001894,5
bm_usr_001895,5
bm_usr_001896,5
bm_usr_001897,0
bm_usr_001898,2
bm_usr_001899,2
bm_usr_001900,4
bm_usr_001901,4
bm_usr_001902,2
bm_usr_001903,3
bm_usr_001904,5
bm_usr_001905,2
bm_usr_001906,3
bm_usr_001907,5
bm_usr_001908,5
bm_usr_001909,6
bm_usr_001910,2
bm_usr_001911,3
bm_usr_001912,6
bm_usr_001913,0
bm_usr_001914,3
bm_usr_001915,6
bm_usr_001916,1
bm_usr_001917,2
bm_usr_001918,4
bm_usr_001919,4
bm_usr_001920,2
bm_usr_001921,4
bm_usr_001922,10
bm_usr_001923,0
bm_usr_001924,2
bm_usr_001925,7
bm_usr_001926,4
bm_usr_001927,5
bm_usr_001928,3
bm_usr_001929,5
bm_usr_001930,4
bm_usr_001931,4
bm_usr_001932,6
bm_usr_001933,8
bm_usr_001934,4
bm_usr_001935,1
bm_usr_001936,8
bm_usr_001937,2
bm_usr_001938,1
bm_usr_001939,3
bm_usr_001940,3
bm_usr_001941,5
bm_usr_001942,2
bm_usr_001943,1
bm_usr_001944,7
bm_usr_001945,7
bm_usr_001946,2
bm_usr_001947,6
bm_usr_001948,3
bm_usr_001949,5
bm_usr_001950,2
bm_usr_001951,7
bm_usr_001952,4
bm_usr_001953,3
bm_usr_001954,3
bm_usr_001955,1
bm_usr_001956,7
bm_usr_001957,3
bm_usr_001958,7
bm_usr_001959,5
bm_usr_001960,5
bm_usr_001961,3
bm_usr_001962,4
bm_usr_001963,5
bm_usr_001964,5
bm_usr_001965,8
bm_usr_001966,6
bm_usr_001967,4
bm_usr_001968,5
bm_usr_001969,2
bm_usr_001970,7
bm_usr_001971,2
bm_usr_001972,2
bm_usr_001973,2
bm_usr_001974,4
bm_usr_001975,5
bm_usr_001976,8
bm_usr_001977,4
bm_usr_001978,6
bm_usr_001979,3
bm_usr_001980,3
bm_usr_001981,4
bm_usr_001982,1
bm_usr_001983,10
bm_usr_001984,3
bm_usr_001985,5
bm_usr_001986,3
bm_usr_001987,5
bm_usr_001988,3
bm_usr_001989,2
bm_usr_001990,3
bm_usr_001991,3
bm_usr_001992,3
bm_usr_001993,3
bm_usr_001994,3
bm_usr_001995,3
bm_usr_001996,6
bm_usr_001997,3
bm_usr_001998,5
bm_usr_001999,13
bm_usr_002000,3
bm_usr_002001,3
bm_usr_002002,0
bm_usr_002003,7
bm_usr_002004,2
bm_usr_002005,2
bm_usr_002006,2
bm_usr_002007,10
bm_usr_002008,2
bm_usr_002009,2
bm_usr_002010,4
bm_usr_002011,5
bm_usr_002012,1
bm_usr_002013,3
bm_usr_002014,2
bm_usr_002015,3
bm_usr_002016,2
bm_usr_002017,4
bm_usr_002018,7
bm_usr_002019,8
bm_usr_002020,6
bm_usr_002021,4
bm_usr_002022,5
bm_usr_002023,6
bm_usr_002024,8
bm_usr_002025,3
bm_usr_002026,4
bm_usr_002027,3
bm_usr_002028,1
bm_usr_002029,2
bm_usr_002030,7
bm_usr_002031,4
bm_usr_002032,5
bm_usr_002033,6
bm_usr_002034,4
bm_usr_002035,1
bm_usr_002036,5
bm_usr_002037,4
bm_usr_002038,2
bm_usr_002039,8
bm_usr_002040,7
bm_usr_002041,8
bm_usr_002042,1
bm_usr_002043,4
bm_usr_002044,6
bm_usr_002045,3
bm_usr_002046,2
bm_usr_002047,2
bm_usr_002048,3
bm_usr_002049,6
bm_usr_002050,3
bm_usr_002051,8
bm_usr_002052,4
bm_usr_002053,3
bm_usr_002054,2
bm_usr_002055,11
bm_usr_002056,4
bm_usr_002057,2
bm_usr_002058,11
bm_usr_002059,1
bm_usr_002060,2
bm_usr_002061,6
bm_usr_002062,6
bm_usr_002063,11
bm_usr_002064,1
bm_usr_002065,2
bm_usr_002066,1
bm_usr_002067,0
bm_usr_002068,3
bm_usr_002069,5
bm_usr_002070,3
bm_usr_002071,7
bm_usr_002072,5
bm_usr_002073,4
bm_usr_002074,4
bm_usr_002075,3
bm_usr_002076,4
bm_usr_002077,7
bm_usr_002078,4
bm_usr_002079,5
bm_usr_002080,1
bm_usr_002081,3
bm_usr_002082,4
bm_usr_002083,2
bm_usr_002084,1
bm_usr_002085,5
bm_usr_002086,3
bm_usr_002087,6
bm_usr_002088,4
bm_usr_002089,5
bm_usr_002090,4
bm_usr_002091,2
bm_usr_002092,0
bm_usr_002093,7
bm_usr_002094,5
bm_usr_002095,3
bm_usr_002096,7
bm_usr_002097,9
bm_usr_002098,2
bm_usr_002099,4
bm_usr_002100,6
bm_usr_002101,2
bm_usr_002102,2
bm_usr_002103,0
bm_usr_002104,3
bm_usr_002105,3
bm_usr_002106,7
bm_usr_002107,4
bm_usr_002108,4
bm_usr_002109,3
bm_usr_002110,1
bm_usr_002111,1
bm_usr_002112,5
bm_usr_002113,3
bm_usr_002114,1
bm_usr_002115,5
bm_usr_002116,0
bm_usr_002117,2
bm_usr_002118,0
bm_usr_002119,1
bm_usr_002120,3
bm_usr_002121,3
bm_usr_002122,4
bm_usr_002123,4
bm_usr_002124,2
bm_usr_002125,8
bm_usr_002126,4
bm_usr_002127,5
bm_usr_002128,2
bm_usr_002129,3
bm_usr_002130,3
bm_usr_002131,4
bm_usr_002132,5
bm_usr_002133,3
bm_usr_002134,1
bm_usr_002135,6
bm_usr_002136,7
bm_usr_002137,12
bm_usr_002138,3
bm_usr_002139,9
bm_usr_002140,3
bm_usr_002141,5
bm_usr_002142,8
bm_usr_002143,3
bm_usr_002144,4
bm_usr_002145,7
bm_usr_002146,3
bm_usr_002147,2
bm_usr_002148,3
bm_usr_002149,2
bm_usr_002150,1
bm_usr_002151,2
bm_usr_002152,4
bm_usr_002153,4
bm_usr_002154,7
bm_usr_002155,3
bm_usr_002156,2
bm_usr_002157,7
bm_usr_002158,2
bm_usr_002159,4
bm_usr_002160,5
bm_usr_002161,4
bm_usr_002162,4
bm_usr_002163,2
bm_usr_002164,5
bm_usr_002165,3
bm_usr_002166,3
bm_usr_002167,8
bm_usr_002168,3
bm_usr_002169,3
bm_usr_002170,6
bm_usr_002171,3
bm_usr_002172,8
bm_usr_002173,6
bm_usr_002174,5
bm_usr_002175,3
bm_usr_002176,1
bm_usr_002177,2
bm_usr_002178,0
bm_usr_002179,1
bm_usr_002180,5
bm_usr_002181,5
bm_usr_002182,0
bm_usr_002183,2
bm_usr_002184,5
bm_usr_002185,3
bm_usr_002186,8
bm_usr_002187,3
bm_usr_002188,6
bm_usr_002189,6
bm_usr_002190,3
bm_usr_002191,11
bm_usr_002192,10
bm_usr_002193,5
bm_usr_002194,0
bm_usr_002195,3
bm_usr_002196,4
bm_usr_002197,6
bm_usr_002198,6
bm_usr_002199,3
bm_usr_002200,6
bm_usr_002201,3
bm_usr_002202,5
bm_usr_002203,3
bm_usr_002204,4
bm_usr_002205,2
bm_usr_002206,6
bm_usr_002207,1
bm_usr_002208,5
bm_usr_002209,2
bm_usr_002210,6
bm_usr_002211,2
bm_usr_002212,0
bm_usr_002213,1
bm_usr_002214,11
bm_usr_002215,8
bm_usr_002216,3
bm_usr_002217,7
bm_usr_002218,2
bm_usr_002219,4
bm_usr_002220,9
bm_usr_002221,7
bm_usr_002222,5
bm_usr_002223,14
bm_usr_002224,2
bm_usr_002225,7
bm_usr_002226,5
bm_usr_002227,3
bm_usr_002228,3
bm_usr_002229,1
bm_usr_002230,0
bm_usr_002231,5
bm_usr_002232,4
bm_usr_002233,3
bm_usr_002234,1
bm_usr_002235,2
bm_usr_002236,3
bm_usr_002237,1
bm_usr_002238,1
bm_usr_002239,4
bm_usr_002240,5
bm_usr_002241,6
bm_usr_002242,0
bm_usr_002243,12
bm_usr_002244,5
bm_usr_002245,8
bm_usr_002246,6
bm_usr_002247,2
bm_usr_002248,5
bm_usr_002249,5
bm_usr_002250,2
bm_usr_002251,0
bm_usr_002252,2
bm_usr_002253,4
bm_usr_002254,4
bm_usr_002255,3
bm_usr_002256,8
bm_usr_002257,3
bm_usr_002258,5
bm_usr_002259,7
bm_usr_002260,2
bm_usr_002261,3
bm_usr_002262,6
bm_usr_002263,3
bm_usr_002264,4
bm_usr_002265,5
bm_usr_002266,4
bm_usr_002267,7
bm_usr_002268,2
bm_usr_002269,3
bm_usr_002270,1
bm_usr_002271,6
bm_usr_002272,4
bm_usr_002273,0
bm_usr_002274,6
bm_usr_002275,6
bm_usr_002276,3
bm_usr_002277,11
bm_usr_002278,2
bm_usr_002279,4
bm_usr_002280,2
bm_usr_002281,10
bm_usr_002282,2
bm_usr_002283,1
bm_usr_002284,8
bm_usr_002285,13
bm_usr_002286,4
bm_usr_002287,0
bm_usr_002288,5
bm_usr_002289,4
bm_usr_002290,6
bm_usr_002291,0
bm_usr_002292,2
bm_usr_002293,3
bm_usr_002294,8
bm_usr_002295,5
bm_usr_002296,9
bm_usr_002297,5
bm_usr_002298,2
bm_usr_002299,4
bm_usr_002300,1
bm_usr_002301,6
bm_usr_002302,3
bm_usr_002303,5
bm_usr_002304,10
bm_usr_002305,2
bm_usr_002306,4
bm_usr_002307,3
bm_usr_002308,5
bm_usr_002309,6
bm_usr_002310,3
bm_usr_002311,6
bm_usr_002312,6
bm_usr_002313,0
bm_usr_002314,4
bm_usr_002315,4
bm_usr_002316,4
bm_usr_002317,4
bm_usr_002318,2
bm_usr_002319,5
bm_usr_002320,5
bm_usr_002321,6
bm_usr_002322,6
bm_usr_002323,4
bm_usr_002324,3
bm_usr_002325,3
bm_usr_002326,2
bm_usr_002327,14
bm_usr_002328,3
bm_usr_002329,3
bm_usr_002330,4
bm_usr_002331,3
bm_usr_002332,1
bm_usr_002333,8
bm_usr_002334,7
bm_usr_002335,11
bm_usr_002336,3
bm_usr_002337,4
bm_usr_002338,8
bm_usr_002339,4
bm_usr_002340,4
bm_usr_002341,4
bm_usr_002342,6
bm_usr_002343,4
bm_usr_002344,1
bm_usr_002345,9
bm_usr_002346,0
bm_usr_002347,2
bm_usr_002348,7
bm_usr_002349,5
bm_usr_002350,3
bm_usr_002351,9
bm_usr_002352,2
bm_usr_002353,5
bm_usr_002354,6
bm_usr_002355,4
bm_usr_002356,5
bm_usr_002357,0
bm_usr_002358,1
bm_usr_002359,3
bm_usr_002360,2
bm_usr_002361,5
bm_usr_002362,1
bm_usr_002363,2
bm_usr_002364,7
bm_usr_002365,4
bm_usr_002366,3
bm_usr_002367,3
bm_usr_002368,4
bm_usr_002369,5
bm_usr_002370,7
bm_usr_002371,7
bm_usr_002372,2
bm_usr_002373,3
bm_usr_002374,3
bm_usr_002375,3
bm_usr_002376,3
bm_usr_002377,2
bm_usr_002378,5
bm_usr_002379,3
bm_usr_002380,5
bm_usr_002381,1
bm_usr_002382,7
bm_usr_002383,9
bm_usr_002384,3
bm_usr_002385,3
bm_usr_002386,9
bm_usr_002387,5
bm_usr_002388,4
bm_usr_002389,5
bm_usr_002390,9
bm_usr_002391,0
bm_usr_002392,1
bm_usr_002393,11
bm_usr_002394,5
bm_usr_002395,3
bm_usr_002396,3
bm_usr_002397,11
bm_usr_002398,5
bm_usr_002399,4
bm_usr_002400,2
bm_usr_002401,5
bm_usr_002402,9
bm_usr_002403,4
bm_usr_002404,8
bm_usr_002405,3
bm_usr_002406,4
bm_usr_002407,10
bm_usr_002408,2
bm_usr_002409,6
bm_usr_002410,4
bm_usr_002411,7
bm_usr_002412,4
bm_usr_002413,4
bm_usr_002414,2
bm_usr_002415,5
bm_usr_002416,4
bm_usr_002417,3
bm_usr_002418,6
bm_usr_002419,6
bm_usr_002420,7
bm_usr_002421,5
bm_usr_002422,4
bm_usr_002423,2
bm_usr_002424,3
bm_usr_002425,8
bm_usr_002426,3
bm_usr_002427,1
bm_usr_002428,5
bm_usr_002429,3
bm_usr_002430,5
bm_usr_002431,9
bm_usr_002432,4
bm_usr_002433,4
bm_usr_002434,4
bm_usr_002435,9
bm_usr_002436,7
bm_usr_002437,7
bm_usr_002438,3
bm_usr_002439,2
bm_usr_002440,6
bm_usr_002441,7
bm_usr_002442,6
bm_usr_002443,6
bm_usr_002444,2
bm_usr_002445,1
bm_usr_002446,7
bm_usr_002447,3
bm_usr_002448,2
bm_usr_002449,2
bm_usr_002450,3
bm_usr_002451,3
bm_usr_002452,4
bm_usr_002453,7
bm_usr_002454,11
bm_usr_002455,7
bm_usr_002456,3
bm_usr_002457,2
bm_usr_002458,11
bm_usr_002459,1
bm_usr_002460,3
bm_usr_002461,6
bm_usr_002462,2
bm_usr_002463,5
bm_usr_002464,1
bm_usr_002465,3
bm_usr_002466,4
bm_usr_002467,3
bm_usr_002468,4
bm_usr_002469,3
bm_usr_002470,5
bm_usr_002471,2
bm_usr_002472,3
bm_usr_002473,2
bm_usr_002474,5
bm_usr_002475,2
bm_usr_002476,3
bm_usr_002477,5
bm_usr_002478,3
bm_usr_002479,3
bm_usr_002480,0
bm_usr_002481,5
bm_usr_002482,4
bm_usr_002483,4
bm_usr_002484,8
bm_usr_002485,3
bm_usr_002486,1
bm_usr_002487,8
bm_usr_002488,10
bm_usr_002489,3
bm_usr_002490,3
bm_usr_002491,5
bm_usr_002492,0
bm_usr_002493,3
bm_usr_002494,2
bm_usr_002495,6
bm_usr_002496,3
bm_usr_002497,9
bm_usr_002498,4
bm_usr_002499,13
bm_usr_002500,3
bm_usr_002501,1
bm_usr_002502,4
bm_usr_002503,3
bm_usr_002504,4
bm_usr_002505,4
bm_usr_002506,6
bm_usr_002507,8
bm_usr_002508,5
bm_usr_002509,4
bm_usr_002510,3
bm_usr_002511,6
bm_usr_002512,3
bm_usr_002513,3
bm_usr_002514,4
bm_usr_002515,2
bm_usr_002516,5
bm_usr_002517,5
bm_usr_002518,6
bm_usr_002519,4
bm_usr_002520,5
bm_usr_002521,9
bm_usr_002522,4
bm_usr_002523,5
bm_usr_002524,7
bm_usr_002525,5
bm_usr_002526,3
bm_usr_002527,2
bm_usr_002528,3
bm_usr_002529,13
bm_usr_002530,1
bm_usr_002531,0
bm_usr_002532,0
bm_usr_002533,4
bm_usr_002534,5
bm_usr_002535,9
bm_usr_002536,2
bm_usr_002537,0
bm_usr_002538,3
bm_usr_002539,1
bm_usr_002540,5
bm_usr_002541,4
bm_usr_002542,5
bm_usr_002543,0
bm_usr_002544,6
bm_usr_002545,1
bm_usr_002546,1
bm_usr_002547,7
bm_usr_002548,4
bm_usr_002549,2
bm_usr_002550,4
bm_usr_002551,7
bm_usr_002552,4
bm_usr_002553,3
bm_usr_002554,6
bm_usr_002555,2
bm_usr_002556,5
bm_usr_002557,6
bm_usr_002558,4
bm_usr_002559,7
bm_usr_002560,1
bm_usr_002561,2
bm_usr_002562,2
bm_usr_002563,4
bm_usr_002564,1
bm_usr_002565,1
bm_usr_002566,4
bm_usr_002567,6
bm_usr_002568,3
bm_usr_002569,2
bm_usr_002570,1
bm_usr_002571,2
bm_usr_002572,2
bm_usr_002573,5
bm_usr_002574,3
bm_usr_002575,2
bm_usr_002576,4
bm_usr_002577,8
bm_usr_002578,4
bm_usr_002579,3
bm_usr_002580,3
bm_usr_002581,6
bm_usr_002582,2
bm_usr_002583,4
bm_usr_002584,5
bm_usr_002585,5
bm_usr_002586,8
bm_usr_002587,4
bm_usr_002588,5
bm_usr_002589,0
bm_usr_002590,4
bm_usr_002591,3
bm_usr_002592,8
bm_usr_002593,8
bm_usr_002594,4
bm_usr_002595,6
bm_usr_002596,9
bm_usr_002597,5
bm_usr_002598,14
bm_usr_002599,3
bm_usr_002600,1
bm_usr_002601,2
bm_usr_002602,1
bm_usr_002603,7
bm_usr_002604,2
bm_usr_002605,4
bm_usr_002606,5
bm_usr_002607,5
bm_usr_002608,5
bm_usr_002609,6
bm_usr_002610,2
bm_usr_002611,10
bm_usr_002612,2
bm_usr_002613,3
bm_usr_002614,3
bm_usr_002615,5
bm_usr_002616,1
bm_usr_002617,9
bm_usr_002618,4
bm_usr_002619,10
bm_usr_002620,3
bm_usr_002621,7
bm_usr_002622,0
bm_usr_002623,6
bm_usr_002624,3
bm_usr_002625,2
bm_usr_002626,3
bm_usr_002627,3
bm_usr_002628,11
bm_usr_002629,6
bm_usr_002630,3
bm_usr_002631,4
bm_usr_002632,3
bm_usr_002633,3
bm_usr_002634,3
bm_usr_002635,5
bm_usr_002636,6
bm_usr_002637,0
bm_usr_002638,4
bm_usr_002639,5
bm_usr_002640,10
bm_usr_002641,2
bm_usr_002642,3
bm_usr_002643,7
bm_usr_002644,1
bm_usr_002645,3
bm_usr_002646,3
bm_usr_002647,7
bm_usr_002648,3
bm_usr_002649,1
bm_usr_002650,4
bm_usr_002651,4
bm_usr_002652,6
bm_usr_002653,3
bm_usr_002654,2
bm_usr_002655,5
bm_usr_002656,2
bm_usr_002657,11
bm_usr_002658,9
bm_usr_002659,11
bm_usr_002660,5
bm_usr_002661,4
bm_usr_002662,5
bm_usr_002663,12
bm_usr_002664,8
bm_usr_002665,8
bm_usr_002666,5
bm_usr_002667,6
bm_usr_002668,6
bm_usr_002669,5
bm_usr_002670,5
bm_usr_002671,3
bm_usr_002672,4
bm_usr_002673,6
bm_usr_002674,7
bm_usr_002675,5
bm_usr_002676,5
bm_usr_002677,3
bm_usr_002678,2
bm_usr_002679,3
bm_usr_002680,8
bm_usr_002681,3
bm_usr_002682,2
bm_usr_002683,2
bm_usr_002684,2
bm_usr_002685,4
bm_usr_002686,5
bm_usr_002687,4
bm_usr_002688,3
bm_usr_002689,1
bm_usr_002690,2
bm_usr_002691,4
bm_usr_002692,3
bm_usr_002693,3
bm_usr_002694,2
bm_usr_002695,9
bm_usr_002696,6
bm_usr_002697,2
bm_usr_002698,13
bm_usr_002699,6
bm_usr_002700,5
bm_usr_002701,3
bm_usr_002702,3
bm_usr_002703,5
bm_usr_002704,2
bm_usr_002705,5
bm_usr_002706,3
bm_usr_002707,4
bm_usr_002708,3
bm_usr_002709,4
bm_usr_002710,5
bm_usr_002711,5
bm_usr_002712,4
bm_usr_002713,1
bm_usr_002714,4
bm_usr_002715,4
bm_usr_002716,2
bm_usr_002717,4
bm_usr_002718,4
bm_usr_002719,3
bm_usr_002720,6
bm_usr_002721,8
bm_usr_002722,3
bm_usr_002723,3
bm_usr_002724,4
bm_usr_002725,2
bm_usr_002726,2
bm_usr_002727,2
bm_usr_002728,1
bm_usr_002729,6
bm_usr_002730,7
bm_usr_002731,0
bm_usr_002732,6
bm_usr_002733,10
bm_usr_002734,8
bm_usr_002735,4
bm_usr_002736,4
bm_usr_002737,5
bm_usr_002738,4
bm_usr_002739,4
bm_usr_002740,7
bm_usr_002741,2
bm_usr_002742,4
bm_usr_002743,4
bm_usr_002744,5
bm_usr_002745,2
bm_usr_002746,5
bm_usr_002747,15
bm_usr_002748,4
bm_usr_002749,10
bm_usr_002750,3
bm_usr_002751,6
bm_usr_002752,2
bm_usr_002753,4
bm_usr_002754,1
bm_usr_002755,2
bm_usr_002756,3
bm_usr_002757,4
bm_usr_002758,8
bm_usr_002759,4
bm_usr_002760,2
bm_usr_002761,9
bm_usr_002762,3
bm_usr_002763,2
bm_usr_002764,8
bm_usr_002765,5
bm_usr_002766,4
bm_usr_002767,3
bm_usr_002768,10
bm_usr_002769,1
bm_usr_002770,12
bm_usr_002771,2
bm_usr_002772,4
bm_usr_002773,0
bm_usr_002774,5
bm_usr_002775,0
bm_usr_002776,12
bm_usr_002777,7
bm_usr_002778,1
bm_usr_002779,4
bm_usr_002780,2
bm_usr_002781,4
bm_usr_002782,3
bm_usr_002783,2
bm_usr_002784,6
bm_usr_002785,3
bm_usr_002786,5
bm_usr_002787,3
bm_usr_002788,3
bm_usr_002789,1
bm_usr_002790,2
bm_usr_002791,2
bm_usr_002792,11
bm_usr_002793,12
bm_usr_002794,5
bm_usr_002795,6
bm_usr_002796,2
bm_usr_002797,4
bm_usr_002798,4
bm_usr_002799,3
bm_usr_002800,3
bm_usr_002801,5
bm_usr_002802,4
bm_usr_002803,0
bm_usr_002804,4
bm_usr_002805,4
bm_usr_002806,1
bm_usr_002807,1
bm_usr_002808,4
bm_usr_002809,2
bm_usr_002810,5
bm_usr_002811,2
bm_usr_002812,7
bm_usr_002813,5
bm_usr_002814,5
bm_usr_002815,4
bm_usr_002816,4
bm_usr_002817,1
bm_usr_002818,6
bm_usr_002819,2
bm_usr_002820,4
bm_usr_002821,1
bm_usr_002822,9
bm_usr_002823,3
bm_usr_002824,8
bm_usr_002825,6
bm_usr_002826,2
bm_usr_002827,5
bm_usr_002828,7
bm_usr_002829,3
bm_usr_002830,8
bm_usr_002831,8
bm_usr_002832,5
bm_usr_002833,6
bm_usr_002834,5
bm_usr_002835,5
bm_usr_002836,4
bm_usr_002837,5
bm_usr_002838,1
bm_usr_002839,3
bm_usr_002840,2
bm_usr_002841,7
bm_usr_002842,5
bm_usr_002843,1
bm_usr_002844,5
bm_usr_002845,3
bm_usr_002846,3
bm_usr_002847,0
bm_usr_002848,4
bm_usr_002849,2
bm_usr_002850,0
bm_usr_002851,5
bm_usr_002852,3
bm_usr_002853,8
bm_usr_002854,2
bm_usr_002855,4
bm_usr_002856,5
bm_usr_002857,6
bm_usr_002858,6
bm_usr_002859,3
bm_usr_002860,7
bm_usr_002861,3
bm_usr_002862,2
bm_usr_002863,4
bm_usr_002864,3
bm_usr_002865,9
bm_usr_002866,3
bm_usr_002867,7
bm_usr_002868,3
bm_usr_002869,6
bm_usr_002870,7
bm_usr_002871,3
bm_usr_002872,5
bm_usr_002873,5
bm_usr_002874,4
bm_usr_002875,4
bm_usr_002876,9
bm_usr_002877,1
bm_usr_002878,1
bm_usr_002879,4
bm_usr_002880,0
bm_usr_002881,3
bm_usr_002882,3
bm_usr_002883,11
bm_usr_002884,6
bm_usr_002885,4
bm_usr_002886,4
bm_usr_002887,4
bm_usr_002888,4
bm_usr_002889,5
bm_usr_002890,5
bm_usr_002891,4
bm_usr_002892,9
bm_usr_002893,2
bm_usr_002894,6
bm_usr_002895,3
bm_usr_002896,2
bm_usr_002897,4
bm_usr_002898,7
bm_usr_002899,4
bm_usr_002900,2
bm_usr_002901,1
bm_usr_002902,5
bm_usr_002903,1
bm_usr_002904,4
bm_usr_002905,0
bm_usr_002906,8
bm_usr_002907,1
bm_usr_002908,4
bm_usr_002909,10
bm_usr_002910,4
bm_usr_002911,3
bm_usr_002912,3
bm_usr_002913,2
bm_usr_002914,2
bm_usr_002915,3
bm_usr_002916,2
bm_usr_002917,4
bm_usr_002918,2
bm_usr_002919,2
bm_usr_002920,4
bm_usr_002921,4
bm_usr_002922,4
bm_usr_002923,10
bm_usr_002924,0
bm_usr_002925,10
bm_usr_002926,1
bm_usr_002927,5
bm_usr_002928,9
bm_usr_002929,11
bm_usr_002930,3
bm_usr_002931,4
bm_usr_002932,4
bm_usr_002933,12
bm_usr_002934,2
bm_usr_002935,1
bm_usr_002936,4
bm_usr_002937,4
bm_usr_002938,9
bm_usr_002939,5
bm_usr_002940,1
bm_usr_002941,2
bm_usr_002942,3
bm_usr_002943,6
bm_usr_002944,3
bm_usr_002945,5
bm_usr_002946,5
bm_usr_002947,5
bm_usr_002948,10
bm_usr_002949,7
bm_usr_002950,2
bm_usr_002951,3
bm_usr_002952,2
bm_usr_002953,1
bm_usr_002954,1
bm_usr_002955,4
bm_usr_002956,5
bm_usr_002957,3
bm_usr_002958,8
bm_usr_002959,2
bm_usr_002960,2
bm_usr_002961,6
bm_usr_002962,6
bm_usr_002963,4
bm_usr_002964,3
bm_usr_002965,2
bm_usr_002966,2
bm_usr_002967,3
bm_usr_002968,6
bm_usr_002969,2
bm_usr_002970,3
bm_usr_002971,3
bm_usr_002972,5
bm_usr_002973,3
bm_usr_002974,5
bm_usr_002975,5
bm_usr_002976,7
bm_usr_002977,5
bm_usr_002978,1
bm_usr_002979,6
bm_usr_002980,3
bm_usr_002981,4
bm_usr_002982,7
bm_usr_002983,4
bm_usr_002984,12
bm_usr_002985,0
bm_usr_002986,4
bm_usr_002987,6
bm_usr_002988,12
bm_usr_002989,4
bm_usr_002990,4
bm_usr_002991,1
bm_usr_002992,6
bm_usr_002993,3
bm_usr_002994,0
bm_usr_002995,2
bm_usr_002996,5
bm_usr_002997,2
bm_usr_002998,2
bm_usr_002999,5
bm_usr_003000,0
bm_usr_003001,10
bm_usr_003002,5
bm_usr_003003,3
bm_usr_003004,6
bm_usr_003005,3
bm_usr_003006,3
bm_usr_003007,6
bm_usr_003008,4
bm_usr_003009,4
bm_usr_003010,4
bm_usr_003011,4
bm_usr_003012,8
bm_usr_003013,2
bm_usr_003014,4
bm_usr_003015,8
bm_usr_003016,6
bm_usr_003017,5
bm_usr_003018,3
bm_usr_003019,4
bm_usr_003020,6
bm_usr_003021,8
bm_usr_003022,1
bm_usr_003023,15
bm_usr_003024,8
bm_usr_003025,3
bm_usr_003026,2
bm_usr_003027,9
bm_usr_003028,3
bm_usr_003029,7
bm_usr_003030,3
bm_usr_003031,0
bm_usr_003032,3
bm_usr_003033,1
bm_usr_003034,1
bm_usr_003035,1
bm_usr_003036,3
bm_usr_003037,3
bm_usr_003038,3
bm_usr_003039,3
bm_usr_003040,3
bm_usr_003041,2
bm_usr_003042,6
bm_usr_003043,4
bm_usr_003044,5
bm_usr_003045,4
bm_usr_003046,1
bm_usr_003047,8
bm_usr_003048,5
bm_usr_003049,5
bm_usr_003050,6
bm_usr_003051,4
bm_usr_003052,7
bm_usr_003053,5
bm_usr_003054,6
bm_usr_003055,2
bm_usr_003056,3
bm_usr_003057,4
bm_usr_003058,4
bm_usr_003059,6
bm_usr_003060,2
bm_usr_003061,2
bm_usr_003062,7
bm_usr_003063,4
bm_usr_003064,7
bm_usr_003065,1
bm_usr_003066,6
bm_usr_003067,1
bm_usr_003068,4
bm_usr_003069,2
bm_usr_003070,2
bm_usr_003071,7
bm_usr_003072,2
bm_usr_003073,2
bm_usr_003074,4
bm_usr_003075,2
bm_usr_003076,3
bm_usr_003077,8
bm_usr_003078,3
bm_usr_003079,4
bm_usr_003080,6
bm_usr_003081,0
bm_usr_003082,4
bm_usr_003083,9
bm_usr_003084,4
bm_usr_003085,5
bm_usr_003086,4
bm_usr_003087,3
bm_usr_003088,5
bm_usr_003089,0
bm_usr_003090,4
bm_usr_003091,5
bm_usr_003092,6
bm_usr_003093,1
bm_usr_003094,1
bm_usr_003095,2
bm_usr_003096,2
bm_usr_003097,3
bm_usr_003098,2
bm_usr_003099,3
bm_usr_003100,1
bm_usr_003101,4
bm_usr_003102,3
bm_usr_003103,5
bm_usr_003104,3
bm_usr_003105,8
bm_usr_003106,1
bm_usr_003107,1
bm_usr_003108,2
bm_usr_003109,4
bm_usr_003110,5
bm_usr_003111,0
bm_usr_003112,8
bm_usr_003113,2
bm_usr_003114,2
bm_usr_003115,7
bm_usr_003116,0
bm_usr_003117,4
bm_usr_003118,5
bm_usr_003119,11
bm_usr_003120,10
bm_usr_003121,7
bm_usr_003122,3
bm_usr_003123,2
bm_usr_003124,6
bm_usr_003125,6
bm_usr_003126,3
bm_usr_003127,6
bm_usr_003128,2
bm_usr_003129,5
bm_usr_003130,3
bm_usr_003131,4
bm_usr_003132,14
bm_usr_003133,4
bm_usr_003134,8
bm_usr_003135,0
bm_usr_003136,4
bm_usr_003137,10
bm_usr_003138,3
bm_usr_003139,7
bm_usr_003140,4
bm_usr_003141,6
bm_usr_003142,4
bm_usr_003143,6
bm_usr_003144,3
bm_usr_003145,2
bm_usr_003146,6
bm_usr_003147,6
bm_usr_003148,6
bm_usr_003149,4
bm_usr_003150,6
bm_usr_003151,3
bm_usr_003152,5
bm_usr_003153,2
bm_usr_003154,4
bm_usr_003155,6
bm_usr_003156,3
bm_usr_003157,5
bm_usr_003158,4
bm_usr_003159,3
bm_usr_003160,7
bm_usr_003161,2
bm_usr_003162,1
bm_usr_003163,2
bm_usr_003164,4
bm_usr_003165,4
bm_usr_003166,8
bm_usr_003167,3
bm_usr_003168,6
bm_usr_003169,4
bm_usr_003170,2
bm_usr_003171,6
bm_usr_003172,2
bm_usr_003173,1
bm_usr_003174,4
bm_usr_003175,5
bm_usr_003176,6
bm_usr_003177,8
bm_usr_003178,3
bm_usr_003179,9
bm_usr_003180,4
bm_usr_003181,5
bm_usr_003182,3
bm_usr_003183,6
bm_usr_003184,0
bm_usr_003185,10
bm_usr_003186,6
bm_usr_003187,2
bm_usr_003188,5
bm_usr_003189,5
bm_usr_003190,3
bm_usr_003191,4
bm_usr_003192,5
bm_usr_003193,9
bm_usr_003194,1
bm_usr_003195,11
bm_usr_003196,11
bm_usr_003197,6
bm_usr_003198,4
bm_usr_003199,3
bm_usr_003200,5
bm_usr_003201,3
bm_usr_003202,0
bm_usr_003203,10
bm_usr_003204,4
bm_usr_003205,5
bm_usr_003206,3
bm_usr_003207,3
bm_usr_003208,6
bm_usr_003209,4
bm_usr_003210,9
bm_usr_003211,3
bm_usr_003212,4
bm_usr_003213,1
bm_usr_003214,6
bm_usr_003215,1
bm_usr_003216,3
bm_usr_003217,9
bm_usr_003218,3
bm_usr_003219,4
bm_usr_003220,5
bm_usr_003221,2
bm_usr_003222,2
bm_usr_003223,4
bm_usr_003224,11
bm_usr_003225,3
bm_usr_003226,2
bm_usr_003227,2
bm_usr_003228,6
bm_usr_003229,4
bm_usr_003230,1
bm_usr_003231,3
bm_usr_003232,4
bm_usr_003233,4
bm_usr_003234,4
bm_usr_003235,5
bm_usr_003236,6
bm_usr_003237,3
bm_usr_003238,2
bm_usr_003239,3
bm_usr_003240,1
bm_usr_003241,2
bm_usr_003242,6
bm_usr_003243,2
bm_usr_003244,5
bm_usr_003245,4
bm_usr_003246,5
bm_usr_003247,9
bm_usr_003248,1
bm_usr_003249,5
bm_usr_003250,8
bm_usr_003251,10
bm_usr_003252,6
bm_usr_003253,6
bm_usr_003254,5
bm_usr_003255,6
bm_usr_003256,2
bm_usr_003257,3
bm_usr_003258,7
bm_usr_003259,5
bm_usr_003260,4
bm_usr_003261,4
bm_usr_003262,5
bm_usr_003263,7
bm_usr_003264,5
bm_usr_003265,7
bm_usr_003266,4
bm_usr_003267,6
bm_usr_003268,5
bm_usr_003269,4
bm_usr_003270,2
bm_usr_003271,10
bm_usr_003272,1
bm_usr_003273,3
bm_usr_003274,9
bm_usr_003275,0
bm_usr_003276,12
bm_usr_003277,2
bm_usr_003278,3
bm_usr_003279,5
bm_usr_003280,1
bm_usr_003281,3
bm_usr_003282,1
bm_usr_003283,3
bm_usr_003284,2
bm_usr_003285,2
bm_usr_003286,5
bm_usr_003287,3
bm_usr_003288,8
bm_usr_003289,3
bm_usr_003290,5
bm_usr_003291,3
bm_usr_003292,3
bm_usr_003293,0
bm_usr_003294,6
bm_usr_003295,5
bm_usr_003296,2
bm_usr_003297,5
bm_usr_003298,4
bm_usr_003299,1
bm_usr_003300,7
bm_usr_003301,3
bm_usr_003302,5
bm_usr_003303,5
bm_usr_003304,3
bm_usr_003305,8
bm_usr_003306,2
bm_usr_003307,3
bm_usr_003308,3
bm_usr_003309,3
bm_usr_003310,6
bm_usr_003311,11
bm_usr_003312,4
bm_usr_003313,3
bm_usr_003314,7
bm_usr_003315,0
bm_usr_003316,3
bm_usr_003317,5
bm_usr_003318,2
bm_usr_003319,3
bm_usr_003320,5
bm_usr_003321,2
bm_usr_003322,6
bm_usr_003323,7
bm_usr_003324,4
bm_usr_003325,7
bm_usr_003326,4
bm_usr_003327,4
bm_usr_003328,8
bm_usr_003329,3
bm_usr_003330,2
bm_usr_003331,1
bm_usr_003332,3
bm_usr_003333,6
bm_usr_003334,4
bm_usr_003335,1
bm_usr_003336,11
bm_usr_003337,7
bm_usr_003338,1
bm_usr_003339,6
bm_usr_003340,2
bm_usr_003341,5
bm_usr_003342,3
bm_usr_003343,4
bm_usr_003344,3
bm_usr_003345,2
bm_usr_003346,2
bm_usr_003347,2
bm_usr_003348,5
bm_usr_003349,2
bm_usr_003350,2
bm_usr_003351,5
bm_usr_003352,2
bm_usr_003353,3
bm_usr_003354,4
bm_usr_003355,3
bm_usr_003356,3
bm_usr_003357,7
bm_usr_003358,4
bm_usr_003359,8
bm_usr_003360,3
bm_usr_003361,5
bm_usr_003362,0
bm_usr_003363,1
bm_usr_003364,7
bm_usr_003365,4
bm_usr_003366,10
bm_usr_003367,8
bm_usr_003368,9
bm_usr_003369,2
bm_usr_003370,8
bm_usr_003371,5
bm_usr_003372,3
bm_usr_003373,7
bm_usr_003374,2
bm_usr_003375,4
bm_usr_003376,3
bm_usr_003377,4
bm_usr_003378,7
bm_usr_003379,2
bm_usr_003380,3
bm_usr_003381,4
bm_usr_003382,2
bm_usr_003383,3
bm_usr_003384,4
bm_usr_003385,6
bm_usr_003386,7
bm_usr_003387,12
bm_usr_003388,4
bm_usr_003389,6
bm_usr_003390,1
bm_usr_003391,3
bm_usr_003392,2
bm_usr_003393,3
bm_usr_003394,4
bm_usr_003395,6
bm_usr_003396,1
bm_usr_003397,4
bm_usr_003398,2
bm_usr_003399,3
bm_usr_003400,8
bm_usr_003401,2
bm_usr_003402,2
bm_usr_003403,7
bm_usr_003404,3
bm_usr_003405,10
bm_usr_003406,1
bm_usr_003407,5
bm_usr_003408,6
bm_usr_003409,4
bm_usr_003410,1
bm_usr_003411,3
bm_usr_003412,1
bm_usr_003413,5
bm_usr_003414,4
bm_usr_003415,5
bm_usr_003416,5
bm_usr_003417,3
bm_usr_003418,2
bm_usr_003419,4
bm_usr_003420,0
bm_usr_003421,1
bm_usr_003422,1
bm_usr_003423,1
bm_usr_003424,3
bm_usr_003425,4
bm_usr_003426,2
bm_usr_003427,4
bm_usr_003428,9
bm_usr_003429,4
bm_usr_003430,3
bm_usr_003431,6
bm_usr_003432,3
bm_usr_003433,3
bm_usr_003434,1
bm_usr_003435,5
bm_usr_003436,2
bm_usr_003437,1
bm_usr_003438,3
bm_usr_003439,5
bm_usr_003440,2
bm_usr_003441,6
bm_usr_003442,5
bm_usr_003443,1
bm_usr_003444,2
bm_usr_003445,4
bm_usr_003446,5
bm_usr_003447,6
bm_usr_003448,1
bm_usr_003449,14
bm_usr_003450,4
bm_usr_003451,2
bm_usr_003452,2
bm_usr_003453,3
bm_usr_003454,2
bm_usr_003455,2
bm_usr_003456,3
bm_usr_003457,8
bm_usr_003458,4
bm_usr_003459,8
bm_usr_003460,2
bm_usr_003461,0
bm_usr_003462,0
bm_usr_003463,5
bm_usr_003464,8
bm_usr_003465,8
bm_usr_003466,3
bm_usr_003467,4
bm_usr_003468,3
bm_usr_003469,5
bm_usr_003470,2
bm_usr_003471,3
bm_usr_003472,9
bm_usr_003473,1
bm_usr_003474,8
bm_usr_003475,2
bm_usr_003476,4
bm_usr_003477,7
bm_usr_003478,5
bm_usr_003479,2
bm_usr_003480,2
bm_usr_003481,3
bm_usr_003482,1
bm_usr_003483,7
bm_usr_003484,3
bm_usr_003485,4
bm_usr_003486,6
bm_usr_003487,3
bm_usr_003488,4
bm_usr_003489,3
bm_usr_003490,5
bm_usr_003491,2
bm_usr_003492,4
bm_usr_003493,1
bm_usr_003494,3
bm_usr_003495,6
bm_usr_003496,9
bm_usr_003497,3
bm_usr_003498,4
bm_usr_003499,5
bm_usr_003500,1
bm_usr_003501,1
bm_usr_003502,7
bm_usr_003503,2
bm_usr_003504,9
bm_usr_003505,1
bm_usr_003506,3
bm_usr_003507,4
bm_usr_003508,4
bm_usr_003509,1
bm_usr_003510,2
bm_usr_003511,7
bm_usr_003512,2
bm_usr_003513,5
bm_usr_003514,6
bm_usr_003515,3
bm_usr_003516,2
bm_usr_003517,2
bm_usr_003518,2
bm_usr_003519,2
bm_usr_003520,13
bm_usr_003521,7
bm_usr_003522,9
bm_usr_003523,3
bm_usr_003524,5
bm_usr_003525,4
bm_usr_003526,8
bm_usr_003527,9
bm_usr_003528,5
bm_usr_003529,5
bm_usr_003530,6
bm_usr_003531,2
bm_usr_003532,0
bm_usr_003533,8
bm_usr_003534,5
bm_usr_003535,3
bm_usr_003536,6
bm_usr_003537,0
bm_usr_003538,6
bm_usr_003539,2
bm_usr_003540,4
bm_usr_003541,8
bm_usr_003542,5
bm_usr_003543,5
bm_usr_003544,4
bm_usr_003545,8
bm_usr_003546,5
bm_usr_003547,3
bm_usr_003548,6
bm_usr_003549,1
bm_usr_003550,3
bm_usr_003551,2
bm_usr_003552,4
bm_usr_003553,6
bm_usr_003554,10
bm_usr_003555,3
bm_usr_003556,4
bm_usr_003557,5
bm_usr_003558,1
bm_usr_003559,10
bm_usr_003560,4
bm_usr_003561,1
bm_usr_003562,3
bm_usr_003563,1
bm_usr_003564,8
bm_usr_003565,1
bm_usr_003566,1
bm_usr_003567,8
bm_usr_003568,12
bm_usr_003569,3
bm_usr_003570,2
bm_usr_003571,1
bm_usr_003572,5
bm_usr_003573,2
bm_usr_003574,8
bm_usr_003575,4
bm_usr_003576,3
bm_usr_003577,3
bm_usr_003578,1
bm_usr_003579,6
bm_usr_003580,3
bm_usr_003581,2
bm_usr_003582,7
bm_usr_003583,2
bm_usr_003584,4
bm_usr_003585,2
bm_usr_003586,3
bm_usr_003587,3
bm_usr_003588,1
bm_usr_003589,2
bm_usr_003590,4
bm_usr_003591,5
bm_usr_003592,4
bm_usr_003593,5
bm_usr_003594,4
bm_usr_003595,11
bm_usr_003596,4
bm_usr_003597,3
bm_usr_003598,5
bm_usr_003599,4
bm_usr_003600,5
bm_usr_003601,3
bm_usr_003602,2
bm_usr_003603,2
bm_usr_003604,3
bm_usr_003605,5
bm_usr_003606,8
bm_usr_003607,4
bm_usr_003608,13
bm_usr_003609,9
bm_usr_003610,3
bm_usr_003611,4
bm_usr_003612,2
bm_usr_003613,7
bm_usr_003614,5
bm_usr_003615,2
bm_usr_003616,12
bm_usr_003617,3
bm_usr_003618,4
bm_usr_003619,5
bm_usr_003620,7
bm_usr_003621,12
bm_usr_003622,9
bm_usr_003623,4
bm_usr_003624,2
bm_usr_003625,6
bm_usr_003626,0
bm_usr_003627,2
bm_usr_003628,10
bm_usr_003629,2
bm_usr_003630,3
bm_usr_003631,1
bm_usr_003632,4
bm_usr_003633,1
bm_usr_003634,3
bm_usr_003635,3
bm_usr_003636,6
bm_usr_003637,3
bm_usr_003638,3
bm_usr_003639,6
bm_usr_003640,4
bm_usr_003641,9
bm_usr_003642,4
bm_usr_003643,4
bm_usr_003644,3
bm_usr_003645,4
bm_usr_003646,15
bm_usr_003647,11
bm_usr_003648,6
bm_usr_003649,4
bm_usr_003650,2
bm_usr_003651,4
bm_usr_003652,6
bm_usr_003653,4
bm_usr_003654,3
bm_usr_003655,2
bm_usr_003656,4
bm_usr_003657,12
bm_usr_003658,11
bm_usr_003659,6
bm_usr_003660,4
bm_usr_003661,5
bm_usr_003662,2
bm_usr_003663,2
bm_usr_003664,2
bm_usr_003665,4
bm_usr_003666,2
bm_usr_003667,3
bm_usr_003668,6
bm_usr_003669,2
bm_usr_003670,3
bm_usr_003671,2
bm_usr_003672,4
bm_usr_003673,3
bm_usr_003674,3
bm_usr_003675,2
bm_usr_003676,2
bm_usr_003677,8
bm_usr_003678,2
bm_usr_003679,3
bm_usr_003680,3
bm_usr_003681,1
bm_usr_003682,4
bm_usr_003683,3
bm_usr_003684,1
bm_usr_003685,5
bm_usr_003686,6
bm_usr_003687,5
bm_usr_003688,4
bm_usr_003689,8
bm_usr_003690,1
bm_usr_003691,3
bm_usr_003692,9
bm_usr_003693,4
bm_usr_003694,6
bm_usr_003695,4
bm_usr_003696,4
bm_usr_003697,9
bm_usr_003698,2
bm_usr_003699,2
bm_usr_003700,5
bm_usr_003701,2
bm_usr_003702,6
bm_usr_003703,4
bm_usr_003704,2
bm_usr_003705,0
bm_usr_003706,2
bm_usr_003707,1
bm_usr_003708,1
bm_usr_003709,3
bm_usr_003710,7
bm_usr_003711,8
bm_usr_003712,5
bm_usr_003713,1
bm_usr_003714,5
bm_usr_003715,6
bm_usr_003716,3
bm_usr_003717,4
bm_usr_003718,6
bm_usr_003719,5
bm_usr_003720,3
bm_usr_003721,2
bm_usr_003722,4
bm_usr_003723,6
bm_usr_003724,5
bm_usr_003725,3
bm_usr_003726,2
bm_usr_003727,5
bm_usr_003728,5
bm_usr_003729,3
bm_usr_003730,5
bm_usr_003731,0
bm_usr_003732,2
bm_usr_003733,5
bm_usr_003734,2
bm_usr_003735,3
bm_usr_003736,1
bm_usr_003737,4
bm_usr_003738,2
bm_usr_003739,3
bm_usr_003740,5
bm_usr_003741,4
bm_usr_003742,3
bm_usr_003743,3
bm_usr_003744,0
bm_usr_003745,1
bm_usr_003746,2
bm_usr_003747,0
bm_usr_003748,3
bm_usr_003749,3
bm_usr_003750,3
bm_usr_003751,15
bm_usr_003752,2
bm_usr_003753,2
bm_usr_003754,5
bm_usr_003755,3
bm_usr_003756,6
bm_usr_003757,6
bm_usr_003758,3
bm_usr_003759,4
bm_usr_003760,3
bm_usr_003761,3
bm_usr_003762,6
bm_usr_003763,6
bm_usr_003764,5
bm_usr_003765,6
bm_usr_003766,1
bm_usr_003767,2
bm_usr_003768,5
bm_usr_003769,5
bm_usr_003770,5
bm_usr_003771,9
bm_usr_003772,4
bm_usr_003773,3
bm_usr_003774,2
bm_usr_003775,3
bm_usr_003776,6
bm_usr_003777,5
bm_usr_003778,10
bm_usr_003779,4
bm_usr_003780,2
bm_usr_003781,4
bm_usr_003782,3
bm_usr_003783,4
bm_usr_003784,2
bm_usr_003785,2
bm_usr_003786,3
bm_usr_003787,11
bm_usr_003788,3
bm_usr_003789,3
bm_usr_003790,3
bm_usr_003791,3
bm_usr_003792,7
bm_usr_003793,3
bm_usr_003794,5
bm_usr_003795,2
bm_usr_003796,0
bm_usr_003797,4
bm_usr_003798,4
bm_usr_003799,10
bm_usr_003800,2
bm_usr_003801,3
bm_usr_003802,5
bm_usr_003803,9
bm_usr_003804,2
bm_usr_003805,0
bm_usr_003806,10
bm_usr_003807,5
bm_usr_003808,2
bm_usr_003809,2
bm_usr_003810,1
bm_usr_003811,4
bm_usr_003812,4
bm_usr_003813,1
bm_usr_003814,2
bm_usr_003815,10
bm_usr_003816,3
bm_usr_003817,1
bm_usr_003818,5
bm_usr_003819,4
bm_usr_003820,8
bm_usr_003821,3
bm_usr_003822,3
bm_usr_003823,8
bm_usr_003824,2
bm_usr_003825,4
bm_usr_003826,5
bm_usr_003827,1
bm_usr_003828,3
bm_usr_003829,1
bm_usr_003830,1
bm_usr_003831,5
bm_usr_003832,2
bm_usr_003833,3
bm_usr_003834,6
bm_usr_003835,8
bm_usr_003836,5
bm_usr_003837,9
bm_usr_003838,5
bm_usr_003839,14
bm_usr_003840,3
bm_usr_003841,2
bm_usr_003842,3
bm_usr_003843,3
bm_usr_003844,3
bm_usr_003845,1
bm_usr_003846,5
bm_usr_003847,5
bm_usr_003848,5
bm_usr_003849,4
bm_usr_003850,5
bm_usr_003851,3
bm_usr_003852,5
bm_usr_003853,8
bm_usr_003854,3
bm_usr_003855,4
bm_usr_003856,6
bm_usr_003857,2
bm_usr_003858,1
bm_usr_003859,5
bm_usr_003860,6
bm_usr_003861,7
bm_usr_003862,3
bm_usr_003863,6
bm_usr_003864,3
bm_usr_003865,2
bm_usr_003866,0
bm_usr_003867,11
bm_usr_003868,4
bm_usr_003869,3
bm_usr_003870,2
bm_usr_003871,4
bm_usr_003872,4
bm_usr_003873,1
bm_usr_003874,4
bm_usr_003875,4
bm_usr_003876,6
bm_usr_003877,6
bm_usr_003878,3
bm_usr_003879,9
bm_usr_003880,5
bm_usr_003881,6
bm_usr_003882,3
bm_usr_003883,3
bm_usr_003884,6
bm_usr_003885,4
bm_usr_003886,9
bm_usr_003887,2
bm_usr_003888,2
bm_usr_003889,2
bm_usr_003890,3
bm_usr_003891,3
bm_usr_003892,2
bm_usr_003893,3
bm_usr_003894,8
bm_usr_003895,5
bm_usr_003896,3
bm_usr_003897,1
bm_usr_003898,5
bm_usr_003899,2
bm_usr_003900,5
bm_usr_003901,4
bm_usr_003902,2
bm_usr_003903,4
bm_usr_003904,3
bm_usr_003905,7
bm_usr_003906,4
bm_usr_003907,4
bm_usr_003908,3
bm_usr_003909,6
bm_usr_003910,3
bm_usr_003911,3
bm_usr_003912,6
bm_usr_003913,4
bm_usr_003914,5
bm_usr_003915,4
bm_usr_003916,5
bm_usr_003917,3
bm_usr_003918,2
bm_usr_003919,5
bm_usr_003920,2
bm_usr_003921,2
bm_usr_003922,2
bm_usr_003923,2
bm_usr_003924,6
bm_usr_003925,4
bm_usr_003926,5
bm_usr_003927,5
bm_usr_003928,4
bm_usr_003929,7
bm_usr_003930,7
bm_usr_003931,3
bm_usr_003932,7
bm_usr_003933,11
bm_usr_003934,0
bm_usr_003935,7
bm_usr_003936,5
bm_usr_003937,2
bm_usr_003938,1
bm_usr_003939,4
bm_usr_003940,6
bm_usr_003941,5
bm_usr_003942,3
bm_usr_003943,7
bm_usr_003944,1
bm_usr_003945,3
bm_usr_003946,4
bm_usr_003947,4
bm_usr_003948,2
bm_usr_003949,5
bm_usr_003950,3
bm_usr_003951,5
bm_usr_003952,5
bm_usr_003953,5
bm_usr_003954,1
bm_usr_003955,5
bm_usr_003956,4
bm_usr_003957,13
bm_usr_003958,6
bm_usr_003959,11
bm_usr_003960,3
bm_usr_003961,0
bm_usr_003962,7
bm_usr_003963,4
bm_usr_003964,3
bm_usr_003965,3
bm_usr_003966,0
bm_usr_003967,7
bm_usr_003968,3
bm_usr_003969,5
bm_usr_003970,6
bm_usr_003971,1
bm_usr_003972,3
bm_usr_003973,2
bm_usr_003974,5
bm_usr_003975,9
bm_usr_003976,5
bm_usr_003977,6
bm_usr_003978,4
bm_usr_003979,2
bm_usr_003980,2
bm_usr_003981,5
bm_usr_003982,0
bm_usr_003983,2
bm_usr_003984,4
bm_usr_003985,8
bm_usr_003986,2
bm_usr_003987,10
bm_usr_003988,9
bm_usr_003989,4
bm_usr_003990,4
bm_usr_003991,2
bm_usr_003992,4
bm_usr_003993,2
bm_usr_003994,4
bm_usr_003995,10
bm_usr_003996,2
bm_usr_003997,5
bm_usr_003998,3
bm_usr_003999,3
bm_usr_004000,4
bm_usr_004001,3
bm_usr_004002,5
bm_usr_004003,4
bm_usr_004004,1
bm_usr_004005,4
bm_usr_004006,3
bm_usr_004007,5
bm_usr_004008,1
bm_usr_004009,2
bm_usr_004010,1
bm_usr_004011,8
bm_usr_004012,1
bm_usr_004013,3
bm_usr_004014,4
bm_usr_004015,4
bm_usr_004016,9
bm_usr_004017,3
bm_usr_004018,4
bm_usr_004019,6
bm_usr_004020,5
bm_usr_004021,5
bm_usr_004022,9
bm_usr_004023,1
bm_usr_004024,1
bm_usr_004025,5
bm_usr_004026,3
bm_usr_004027,4
bm_usr_004028,3
bm_usr_004029,5
bm_usr_004030,6
bm_usr_004031,6
bm_usr_004032,8
bm_usr_004033,1
bm_usr_004034,4
bm_usr_004035,3
bm_usr_004036,4
bm_usr_004037,4
bm_usr_004038,6
bm_usr_004039,3
bm_usr_004040,2
bm_usr_004041,1
bm_usr_004042,5
bm_usr_004043,4
bm_usr_004044,2
bm_usr_004045,1
bm_usr_004046,10
bm_usr_004047,1
bm_usr_004048,3
bm_usr_004049,2
bm_usr_004050,2
bm_usr_004051,5
bm_usr_004052,3
bm_usr_004053,5
bm_usr_004054,0
bm_usr_004055,0
bm_usr_004056,5
bm_usr_004057,3
bm_usr_004058,4
bm_usr_004059,4
bm_usr_004060,2
bm_usr_004061,3
bm_usr_004062,6
bm_usr_004063,6
bm_usr_004064,4
bm_usr_004065,6
bm_usr_004066,3
bm_usr_004067,8
bm_usr_004068,2
bm_usr_004069,2
bm_usr_004070,4
bm_usr_004071,5
bm_usr_004072,2
bm_usr_004073,3
bm_usr_004074,9
bm_usr_004075,3
bm_usr_004076,4
bm_usr_004077,4
bm_usr_004078,5
bm_usr_004079,2
bm_usr_004080,3
bm_usr_004081,1
bm_usr_004082,3
bm_usr_004083,0
bm_usr_004084,5
bm_usr_004085,1
bm_usr_004086,10
bm_usr_004087,10
bm_usr_004088,2
bm_usr_004089,6
bm_usr_004090,4
bm_usr_004091,4
bm_usr_004092,6
bm_usr_004093,1
bm_usr_004094,4
bm_usr_004095,5
bm_usr_004096,7
bm_usr_004097,0
bm_usr_004098,8
bm_usr_004099,3
bm_usr_004100,3
bm_usr_004101,4
bm_usr_004102,5
bm_usr_004103,5
bm_usr_004104,8
bm_usr_004105,4
bm_usr_004106,5
bm_usr_004107,6
bm_usr_004108,4
bm_usr_004109,9
bm_usr_004110,2
bm_usr_004111,10
bm_usr_004112,2
bm_usr_004113,2
bm_usr_004114,8
bm_usr_004115,4
bm_usr_004116,8
bm_usr_004117,1
bm_usr_004118,3
bm_usr_004119,9
bm_usr_004120,1
bm_usr_004121,5
bm_usr_004122,3
bm_usr_004123,4
bm_usr_004124,3
bm_usr_004125,1
bm_usr_004126,1
bm_usr_004127,11
bm_usr_004128,3
bm_usr_004129,4
bm_usr_004130,2
bm_usr_004131,2
bm_usr_004132,0
bm_usr_004133,5
bm_usr_004134,10
bm_usr_004135,10
bm_usr_004136,3
bm_usr_004137,7
bm_usr_004138,5
bm_usr_004139,1
bm_usr_004140,3
bm_usr_004141,6
bm_usr_004142,4
bm_usr_004143,4
bm_usr_004144,1
bm_usr_004145,7
bm_usr_004146,4
bm_usr_004147,6
bm_usr_004148,6
bm_usr_004149,5
bm_usr_004150,7
bm_usr_004151,6
bm_usr_004152,4
bm_usr_004153,1
bm_usr_004154,1
bm_usr_004155,2
bm_usr_004156,1
bm_usr_004157,3
bm_usr_004158,3
bm_usr_004159,6
bm_usr_004160,1
bm_usr_004161,6
bm_usr_004162,3
bm_usr_004163,3
bm_usr_004164,5
bm_usr_004165,3
bm_usr_004166,4
bm_usr_004167,4
bm_usr_004168,0
bm_usr_004169,6
bm_usr_004170,4
bm_usr_004171,3
bm_usr_004172,1
bm_usr_004173,3
bm_usr_004174,2
bm_usr_004175,2
bm_usr_004176,4
bm_usr_004177,4
bm_usr_004178,7
bm_usr_004179,3
bm_usr_004180,5
bm_usr_004181,4
bm_usr_004182,8
bm_usr_004183,5
bm_usr_004184,3
bm_usr_004185,6
bm_usr_004186,5
bm_usr_004187,3
bm_usr_004188,2
bm_usr_004189,3
bm_usr_004190,3
bm_usr_004191,1
bm_usr_004192,4
bm_usr_004193,3
bm_usr_004194,3
bm_usr_004195,3
bm_usr_004196,4
bm_usr_004197,5
bm_usr_004198,5
bm_usr_004199,4
bm_usr_004200,4
bm_usr_004201,1
bm_usr_004202,2
bm_usr_004203,4
bm_usr_004204,1
bm_usr_004205,4
bm_usr_004206,4
bm_usr_004207,3
bm_usr_004208,1
bm_usr_004209,4
bm_usr_004210,4
bm_usr_004211,5
bm_usr_004212,2
bm_usr_004213,6
bm_usr_004214,1
bm_usr_004215,5
bm_usr_004216,10
bm_usr_004217,9
bm_usr_004218,3
bm_usr_004219,5
bm_usr_004220,6
bm_usr_004221,7
bm_usr_004222,6
bm_usr_004223,2
bm_usr_004224,4
bm_usr_004225,3
bm_usr_004226,3
bm_usr_004227,4
bm_usr_004228,1
bm_usr_004229,3
bm_usr_004230,4
bm_usr_004231,3
bm_usr_004232,8
bm_usr_004233,2
bm_usr_004234,2
bm_usr_004235,7
bm_usr_004236,3
bm_usr_004237,4
bm_usr_004238,1
bm_usr_004239,6
bm_usr_004240,5
bm_usr_004241,1
bm_usr_004242,5
bm_usr_004243,2
bm_usr_004244,3
bm_usr_004245,4
bm_usr_004246,3
bm_usr_004247,1
bm_usr_004248,3
bm_usr_004249,1
bm_usr_004250,7
bm_usr_004251,3
bm_usr_004252,1
bm_usr_004253,5
bm_usr_004254,4
bm_usr_004255,5
bm_usr_004256,4
bm_usr_004257,4
bm_usr_004258,6
bm_usr_004259,4
bm_usr_004260,8
bm_usr_004261,4
bm_usr_004262,5
bm_usr_004263,0
bm_usr_004264,3
bm_usr_004265,2
bm_usr_004266,7
bm_usr_004267,4
bm_usr_004268,5
bm_usr_004269,2
bm_usr_004270,6
bm_usr_004271,3
bm_usr_004272,4
bm_usr_004273,6
bm_usr_004274,3
bm_usr_004275,6
bm_usr_004276,4
bm_usr_004277,2
bm_usr_004278,1
bm_usr_004279,6
bm_usr_004280,8
bm_usr_004281,1
bm_usr_004282,3
bm_usr_004283,9
bm_usr_004284,4
bm_usr_004285,3
bm_usr_004286,0
bm_usr_004287,0
bm_usr_004288,5
bm_usr_004289,2
bm_usr_004290,5
bm_usr_004291,3
bm_usr_004292,4
bm_usr_004293,1
bm_usr_004294,2
bm_usr_004295,5
bm_usr_004296,4
bm_usr_004297,3
bm_usr_004298,8
bm_usr_004299,1
bm_usr_004300,3
bm_usr_004301,4
bm_usr_004302,8
bm_usr_004303,0
bm_usr_004304,0
bm_usr_004305,5
bm_usr_004306,2
bm_usr_004307,4
bm_usr_004308,1
bm_usr_004309,3
bm_usr_004310,3
bm_usr_004311,4
bm_usr_004312,4
bm_usr_004313,4
bm_usr_004314,3
bm_usr_004315,5
bm_usr_004316,3
bm_usr_004317,5
bm_usr_004318,2
bm_usr_004319,3
bm_usr_004320,3
bm_usr_004321,4
bm_usr_004322,3
bm_usr_004323,8
bm_usr_004324,5
bm_usr_004325,2
bm_usr_004326,3
bm_usr_004327,3
bm_usr_004328,8
bm_usr_004329,5
bm_usr_004330,2
bm_usr_004331,7
bm_usr_004332,3
bm_usr_004333,5
bm_usr_004334,2
bm_usr_004335,4
bm_usr_004336,2
bm_usr_004337,2
bm_usr_004338,6
bm_usr_004339,0
bm_usr_004340,4
bm_usr_004341,5
bm_usr_004342,0
bm_usr_004343,3
bm_usr_004344,3
bm_usr_004345,3
bm_usr_004346,0
bm_usr_004347,4
bm_usr_004348,1
bm_usr_004349,6
bm_usr_004350,4
bm_usr_004351,8
bm_usr_004352,2
bm_usr_004353,3
bm_usr_004354,4
bm_usr_004355,2
bm_usr_004356,4
bm_usr_004357,4
bm_usr_004358,4
bm_usr_004359,4
bm_usr_004360,8
bm_usr_004361,2
bm_usr_004362,9
bm_usr_004363,5
bm_usr_004364,9
bm_usr_004365,2
bm_usr_004366,1
bm_usr_004367,4
bm_usr_004368,4
bm_usr_004369,8
bm_usr_004370,3
bm_usr_004371,3
bm_usr_004372,2
bm_usr_004373,1
bm_usr_004374,1
bm_usr_004375,0
bm_usr_004376,5
bm_usr_004377,4
bm_usr_004378,4
bm_usr_004379,4
bm_usr_004380,4
bm_usr_004381,5
bm_usr_004382,2
bm_usr_004383,1
bm_usr_004384,0
bm_usr_004385,9
bm_usr_004386,3
bm_usr_004387,3
bm_usr_004388,3
bm_usr_004389,3
bm_usr_004390,3
bm_usr_004391,5
bm_usr_004392,1
bm_usr_004393,4
bm_usr_004394,6
bm_usr_004395,4
bm_usr_004396,4
bm_usr_004397,2
bm_usr_004398,3
bm_usr_004399,3
bm_usr_004400,7
bm_usr_004401,3
bm_usr_004402,2
bm_usr_004403,1
bm_usr_004404,2
bm_usr_004405,1
bm_usr_004406,6
bm_usr_004407,3
bm_usr_004408,6
bm_usr_004409,2
bm_usr_004410,9
bm_usr_004411,3
bm_usr_004412,3
bm_usr_004413,3
bm_usr_004414,3
bm_usr_004415,0
bm_usr_004416,3
bm_usr_004417,5
bm_usr_004418,7
bm_usr_004419,2
bm_usr_004420,2
bm_usr_004421,6
bm_usr_004422,7
bm_usr_004423,4
bm_usr_004424,1
bm_usr_004425,4
bm_usr_004426,2
bm_usr_004427,2
bm_usr_004428,2
bm_usr_004429,7
bm_usr_004430,8
bm_usr_004431,5
bm_usr_004432,2
bm_usr_004433,1
bm_usr_004434,7
bm_usr_004435,4
bm_usr_004436,6
bm_usr_004437,5
bm_usr_004438,2
bm_usr_004439,5
bm_usr_004440,3
bm_usr_004441,3
bm_usr_004442,0
bm_usr_004443,10
bm_usr_004444,2
bm_usr_004445,5
bm_usr_004446,2
bm_usr_004447,3
bm_usr_004448,4
bm_usr_004449,7
bm_usr_004450,2
bm_usr_004451,2
bm_usr_004452,5
bm_usr_004453,3
bm_usr_004454,2
bm_usr_004455,2
bm_usr_004456,3
bm_usr_004457,6
bm_usr_004458,2
bm_usr_004459,3
bm_usr_004460,4
bm_usr_004461,11
bm_usr_004462,4
bm_usr_004463,4
bm_usr_004464,5
bm_usr_004465,3
bm_usr_004466,4
bm_usr_004467,2
bm_usr_004468,3
bm_usr_004469,0
bm_usr_004470,3
bm_usr_004471,5
bm_usr_004472,3
bm_usr_004473,5
bm_usr_004474,4
bm_usr_004475,8
bm_usr_004476,7
bm_usr_004477,7
bm_usr_004478,5
bm_usr_004479,6
bm_usr_004480,9
bm_usr_004481,2
bm_usr_004482,6
bm_usr_004483,6
bm_usr_004484,3
bm_usr_004485,4
bm_usr_004486,9
bm_usr_004487,2
bm_usr_004488,8
bm_usr_004489,5
bm_usr_004490,4
bm_usr_004491,3
bm_usr_004492,1
bm_usr_004493,3
bm_usr_004494,5
bm_usr_004495,3
bm_usr_004496,9
bm_usr_004497,1
bm_usr_004498,6
bm_usr_004499,3
bm_usr_004500,1
bm_usr_004501,5
bm_usr_004502,9
bm_usr_004503,5
bm_usr_004504,4
bm_usr_004505,4
bm_usr_004506,4
bm_usr_004507,6
bm_usr_004508,8
bm_usr_004509,12
bm_usr_004510,3
bm_usr_004511,4
bm_usr_004512,5
bm_usr_004513,0
bm_usr_004514,0
bm_usr_004515,6
bm_usr_004516,4
bm_usr_004517,3
bm_usr_004518,1
bm_usr_004519,3
bm_usr_004520,4
bm_usr_004521,5
bm_usr_004522,1
bm_usr_004523,5
bm_usr_004524,7
bm_usr_004525,8
bm_usr_004526,10
bm_usr_004527,3
bm_usr_004528,5
bm_usr_004529,5
bm_usr_004530,0
bm_usr_004531,3
bm_usr_004532,3
bm_usr_004533,4
bm_usr_004534,3
bm_usr_004535,4
bm_usr_004536,4
bm_usr_004537,2
bm_usr_004538,2
bm_usr_004539,2
bm_usr_004540,3
bm_usr_004541,0
bm_usr_004542,2
bm_usr_004543,4
bm_usr_004544,4
bm_usr_004545,1
bm_usr_004546,1
bm_usr_004547,4
bm_usr_004548,11
bm_usr_004549,2
bm_usr_004550,6
bm_usr_004551,7
bm_usr_004552,4
bm_usr_004553,4
bm_usr_004554,0
bm_usr_004555,3
bm_usr_004556,2
bm_usr_004557,8
bm_usr_004558,3
bm_usr_004559,2
bm_usr_004560,2
bm_usr_004561,3
bm_usr_004562,12
bm_usr_004563,3
bm_usr_004564,2
bm_usr_004565,0
bm_usr_004566,4
bm_usr_004567,1
bm_usr_004568,3
bm_usr_004569,5
bm_usr_004570,4
bm_usr_004571,11
bm_usr_004572,6
bm_usr_004573,10
bm_usr_004574,5
bm_usr_004575,4
bm_usr_004576,2
bm_usr_004577,2
bm_usr_004578,6
bm_usr_004579,5
bm_usr_004580,8
bm_usr_004581,5
bm_usr_004582,1
bm_usr_004583,3
bm_usr_004584,5
bm_usr_004585,5
bm_usr_004586,5
bm_usr_004587,1
bm_usr_004588,4
bm_usr_004589,5
bm_usr_004590,1
bm_usr_004591,6
bm_usr_004592,4
bm_usr_004593,3
bm_usr_004594,5
bm_usr_004595,3
bm_usr_004596,2
bm_usr_004597,3
bm_usr_004598,4
bm_usr_004599,6
bm_usr_004600,2
bm_usr_004601,3
bm_usr_004602,4
bm_usr_004603,6
bm_usr_004604,3
bm_usr_004605,6
bm_usr_004606,3
bm_usr_004607,3
bm_usr_004608,3
bm_usr_004609,5
bm_usr_004610,4
bm_usr_004611,7
bm_usr_004612,2
bm_usr_004613,0
bm_usr_004614,3
bm_usr_004615,3
bm_usr_004616,8
bm_usr_004617,5
bm_usr_004618,4
bm_usr_004619,6
bm_usr_004620,4
bm_usr_004621,4
bm_usr_004622,2
bm_usr_004623,5
bm_usr_004624,1
bm_usr_004625,2
bm_usr_004626,5
bm_usr_004627,5
bm_usr_004628,2
bm_usr_004629,4
bm_usr_004630,4
bm_usr_004631,5
bm_usr_004632,3
bm_usr_004633,5
bm_usr_004634,3
bm_usr_004635,5
bm_usr_004636,1
bm_usr_004637,6
bm_usr_004638,3
bm_usr_004639,1
bm_usr_004640,3
bm_usr_004641,5
bm_usr_004642,4
bm_usr_004643,5
bm_usr_004644,6
bm_usr_004645,2
bm_usr_004646,4
bm_usr_004647,2
bm_usr_004648,4
bm_usr_004649,5
bm_usr_004650,0
bm_usr_004651,4
bm_usr_004652,5
bm_usr_004653,6
bm_usr_004654,3
bm_usr_004655,5
bm_usr_004656,7
bm_usr_004657,3
bm_usr_004658,6
bm_usr_004659,2
bm_usr_004660,3
bm_usr_004661,8
bm_usr_004662,5
bm_usr_004663,1
bm_usr_004664,4
bm_usr_004665,3
bm_usr_004666,6
bm_usr_004667,4
bm_usr_004668,3
bm_usr_004669,2
bm_usr_004670,4
bm_usr_004671,0
bm_usr_004672,2
bm_usr_004673,5
bm_usr_004674,6
bm_usr_004675,4
bm_usr_004676,9
bm_usr_004677,3
bm_usr_004678,4
bm_usr_004679,7
bm_usr_004680,4
bm_usr_004681,1
bm_usr_004682,6
bm_usr_004683,2
bm_usr_004684,4
bm_usr_004685,9
bm_usr_004686,4
bm_usr_004687,3
bm_usr_004688,6
bm_usr_004689,9
bm_usr_004690,2
bm_usr_004691,4
bm_usr_004692,3
bm_usr_004693,3
bm_usr_004694,6
bm_usr_004695,7
bm_usr_004696,0
bm_usr_004697,2
bm_usr_004698,4
bm_usr_004699,6
bm_usr_004700,0
bm_usr_004701,4
bm_usr_004702,3
bm_usr_004703,3
bm_usr_004704,4
bm_usr_004705,6
bm_usr_004706,4
bm_usr_004707,8
bm_usr_004708,4
bm_usr_004709,5
bm_usr_004710,2
bm_usr_004711,1
bm_usr_004712,6
bm_usr_004713,6
bm_usr_004714,11
bm_usr_004715,9
bm_usr_004716,3
bm_usr_004717,1
bm_usr_004718,2
bm_usr_004719,3
bm_usr_004720,4
bm_usr_004721,3
bm_usr_004722,8
bm_usr_004723,4
bm_usr_004724,3
bm_usr_004725,4
bm_usr_004726,1
bm_usr_004727,3
bm_usr_004728,4
bm_usr_004729,5
bm_usr_004730,4
bm_usr_004731,6
bm_usr_004732,5
bm_usr_004733,8
bm_usr_004734,5
bm_usr_004735,5
bm_usr_004736,5
bm_usr_004737,2
bm_usr_004738,4
bm_usr_004739,4
bm_usr_004740,9
bm_usr_004741,8
bm_usr_004742,1
bm_usr_004743,2
bm_usr_004744,5
bm_usr_004745,10
bm_usr_004746,6
bm_usr_004747,8
bm_usr_004748,1
bm_usr_004749,1
bm_usr_004750,2
bm_usr_004751,6
bm_usr_004752,4
bm_usr_004753,8
bm_usr_004754,2
bm_usr_004755,6
bm_usr_004756,3
bm_usr_004757,5
bm_usr_004758,5
bm_usr_004759,5
bm_usr_004760,5
bm_usr_004761,4
bm_usr_004762,2
bm_usr_004763,3
bm_usr_004764,5
bm_usr_004765,1
bm_usr_004766,3
bm_usr_004767,5
bm_usr_004768,3
bm_usr_004769,5
bm_usr_004770,4
bm_usr_004771,8
bm_usr_004772,12
bm_usr_004773,6
bm_usr_004774,7
bm_usr_004775,3
bm_usr_004776,4
bm_usr_004777,4
bm_usr_004778,8
bm_usr_004779,12
bm_usr_004780,3
bm_usr_004781,12
bm_usr_004782,8
bm_usr_004783,11
bm_usr_004784,5
bm_usr_004785,2
bm_usr_004786,4
bm_usr_004787,11
bm_usr_004788,2
bm_usr_004789,5
bm_usr_004790,3
bm_usr_004791,3
bm_usr_004792,9
bm_usr_004793,3
bm_usr_004794,3
bm_usr_004795,4
bm_usr_004796,1
bm_usr_004797,3
bm_usr_004798,3
bm_usr_004799,2
bm_usr_004800,4
bm_usr_004801,8
bm_usr_004802,6
bm_usr_004803,6
bm_usr_004804,4
bm_usr_004805,3
bm_usr_004806,2
bm_usr_004807,5
bm_usr_004808,7
bm_usr_004809,5
bm_usr_004810,4
bm_usr_004811,0
bm_usr_004812,1
bm_usr_004813,4
bm_usr_004814,4
bm_usr_004815,3
bm_usr_004816,4
bm_usr_004817,4
bm_usr_004818,3
bm_usr_004819,4
bm_usr_004820,4
bm_usr_004821,3
bm_usr_004822,1
bm_usr_004823,11
bm_usr_004824,9
bm_usr_004825,1
bm_usr_004826,7
bm_usr_004827,6
bm_usr_004828,4
bm_usr_004829,5
bm_usr_004830,2
bm_usr_004831,2
bm_usr_004832,4
bm_usr_004833,7
bm_usr_004834,4
bm_usr_004835,3
bm_usr_004836,8
bm_usr_004837,4
bm_usr_004838,8
bm_usr_004839,2
bm_usr_004840,7
bm_usr_004841,5
bm_usr_004842,10
bm_usr_004843,5
bm_usr_004844,2
bm_usr_004845,2
bm_usr_004846,6
bm_usr_004847,4
bm_usr_004848,2
bm_usr_004849,4
bm_usr_004850,8
bm_usr_004851,4
bm_usr_004852,7
bm_usr_004853,8
bm_usr_004854,3
bm_usr_004855,3
bm_usr_004856,4
bm_usr_004857,3
bm_usr_004858,4
bm_usr_004859,3
bm_usr_004860,5
bm_usr_004861,4
bm_usr_004862,9
bm_usr_004863,4
bm_usr_004864,5
bm_usr_004865,2
bm_usr_004866,2
bm_usr_004867,3
bm_usr_004868,0
bm_usr_004869,4
bm_usr_004870,5
bm_usr_004871,6
bm_usr_004872,2
bm_usr_004873,8
bm_usr_004874,6
bm_usr_004875,3
bm_usr_004876,2
bm_usr_004877,3
bm_usr_004878,4
bm_usr_004879,3
bm_usr_004880,3
bm_usr_004881,2
bm_usr_004882,7
bm_usr_004883,8
bm_usr_004884,3
bm_usr_004885,4
bm_usr_004886,3
bm_usr_004887,4
bm_usr_004888,4
bm_usr_004889,3
bm_usr_004890,1
bm_usr_004891,1
bm_usr_004892,2
bm_usr_004893,3
bm_usr_004894,3
bm_usr_004895,3
bm_usr_004896,5
bm_usr_004897,1
bm_usr_004898,2
bm_usr_004899,0
bm_usr_004900,3
bm_usr_004901,6
bm_usr_004902,3
bm_usr_004903,8
bm_usr_004904,3
bm_usr_004905,4
bm_usr_004906,4
bm_usr_004907,4
bm_usr_004908,3
bm_usr_004909,2
bm_usr_004910,2
bm_usr_004911,8
bm_usr_004912,4
bm_usr_004913,2
bm_usr_004914,4
bm_usr_004915,5
bm_usr_004916,7
bm_usr_004917,6
bm_usr_004918,4
bm_usr_004919,6
bm_usr_004920,2
bm_usr_004921,5
bm_usr_004922,3
bm_usr_004923,3
bm_usr_004924,5
bm_usr_004925,3
bm_usr_004926,2
bm_usr_004927,8
bm_usr_004928,4
bm_usr_004929,1
bm_usr_004930,2
bm_usr_004931,9
bm_usr_004932,5
bm_usr_004933,2
bm_usr_004934,5
bm_usr_004935,6
bm_usr_004936,3
bm_usr_004937,2
bm_usr_004938,3
bm_usr_004939,2
bm_usr_004940,5
bm_usr_004941,5
bm_usr_004942,2
bm_usr_004943,1
bm_usr_004944,8
bm_usr_004945,3
bm_usr_004946,0
bm_usr_004947,3
bm_usr_004948,4
bm_usr_004949,5
bm_usr_004950,1
bm_usr_004951,3
bm_usr_004952,3
bm_usr_004953,4
bm_usr_004954,1
bm_usr_004955,2
bm_usr_004956,6
bm_usr_004957,6
bm_usr_004958,7
bm_usr_004959,4
bm_usr_004960,2
bm_usr_004961,3
bm_usr_004962,1
bm_usr_004963,4
bm_usr_004964,5
bm_usr_004965,1
bm_usr_004966,3
bm_usr_004967,2
bm_usr_004968,3
bm_usr_004969,3
bm_usr_004970,4
bm_usr_004971,10
bm_usr_004972,2
bm_usr_004973,1
bm_usr_004974,4
bm_usr_004975,3
bm_usr_004976,3
bm_usr_004977,5
bm_usr_004978,5
bm_usr_004979,3
bm_usr_004980,4
bm_usr_004981,4
bm_usr_004982,3
bm_usr_004983,2
bm_usr_004984,4
bm_usr_004985,2
bm_usr_004986,1
bm_usr_004987,10
bm_usr_004988,9
bm_usr_004989,3
bm_usr_004990,5
bm_usr_004991,2
bm_usr_004992,3
bm_usr_004993,3
bm_usr_004994,3
bm_usr_004995,5
bm_usr_004996,6
bm_usr_004997,6
bm_usr_004998,2
bm_usr_004999,3
bm_usr_005000,2
bm_usr_005001,7
bm_usr_005002,2
bm_usr_005003,5
bm_usr_005004,7
bm_usr_005005,2
bm_usr_005006,8
bm_usr_005007,2
bm_usr_005008,2
bm_usr_005009,1
bm_usr_005010,2
bm_usr_005011,2
bm_usr_005012,5
bm_usr_005013,4
bm_usr_005014,3
bm_usr_005015,2
bm_usr_005016,3
bm_usr_005017,4
bm_usr_005018,4
bm_usr_005019,3
bm_usr_005020,8
bm_usr_005021,6
bm_usr_005022,2
bm_usr_005023,8
bm_usr_005024,3
bm_usr_005025,1
bm_usr_005026,5
bm_usr_005027,2
bm_usr_005028,2
bm_usr_005029,5
bm_usr_005030,0
bm_usr_005031,5
bm_usr_005032,4
bm_usr_005033,8
bm_usr_005034,2
bm_usr_005035,6
bm_usr_005036,3
bm_usr_005037,2
bm_usr_005038,4
bm_usr_005039,8
bm_usr_005040,2
bm_usr_005041,8
bm_usr_005042,3
bm_usr_005043,2
bm_usr_005044,10
bm_usr_005045,5
bm_usr_005046,4
bm_usr_005047,5
bm_usr_005048,4
bm_usr_005049,13
bm_usr_005050,4
bm_usr_005051,1
bm_usr_005052,2
bm_usr_005053,2
bm_usr_005054,10
bm_usr_005055,9
bm_usr_005056,8
bm_usr_005057,2
bm_usr_005058,7
bm_usr_005059,1
bm_usr_005060,1
bm_usr_005061,1
bm_usr_005062,4
bm_usr_005063,6
bm_usr_005064,1
bm_usr_005065,7
bm_usr_005066,7
bm_usr_005067,8
bm_usr_005068,4
bm_usr_005069,2
bm_usr_005070,8
bm_usr_005071,9
bm_usr_005072,4
bm_usr_005073,2
bm_usr_005074,5
bm_usr_005075,6
bm_usr_005076,9
bm_usr_005077,5
bm_usr_005078,5
bm_usr_005079,5
bm_usr_005080,10
bm_usr_005081,1
bm_usr_005082,0
bm_usr_005083,4
bm_usr_005084,2
bm_usr_005085,3
bm_usr_005086,3
bm_usr_005087,1
bm_usr_005088,4
bm_usr_005089,0
bm_usr_005090,11
bm_usr_005091,5
bm_usr_005092,4
bm_usr_005093,4
bm_usr_005094,3
bm_usr_005095,9
bm_usr_005096,3
bm_usr_005097,5
bm_usr_005098,4
bm_usr_005099,7
bm_usr_005100,4
bm_usr_005101,4
bm_usr_005102,4
bm_usr_005103,4
bm_usr_005104,6
bm_usr_005105,2
bm_usr_005106,2
bm_usr_005107,10
bm_usr_005108,7
bm_usr_005109,1
bm_usr_005110,8
bm_usr_005111,4
bm_usr_005112,2
bm_usr_005113,3
bm_usr_005114,2
bm_usr_005115,4
bm_usr_005116,3
bm_usr_005117,7
bm_usr_005118,4
bm_usr_005119,4
bm_usr_005120,5
bm_usr_005121,3
bm_usr_005122,6
bm_usr_005123,5
bm_usr_005124,6
bm_usr_005125,6
bm_usr_005126,2
bm_usr_005127,3
bm_usr_005128,3
bm_usr_005129,2
bm_usr_005130,5
bm_usr_005131,2
bm_usr_005132,3
bm_usr_005133,3
bm_usr_005134,4
bm_usr_005135,4
bm_usr_005136,4
bm_usr_005137,1
bm_usr_005138,2
bm_usr_005139,2
bm_usr_005140,3
bm_usr_005141,3
bm_usr_005142,6
bm_usr_005143,4
bm_usr_005144,3
bm_usr_005145,11
bm_usr_005146,5
bm_usr_005147,6
bm_usr_005148,3
bm_usr_005149,3
bm_usr_005150,3
bm_usr_005151,1
bm_usr_005152,9
bm_usr_005153,3
bm_usr_005154,1
bm_usr_005155,6
bm_usr_005156,6
bm_usr_005157,0
bm_usr_005158,7
bm_usr_005159,4
bm_usr_005160,2
bm_usr_005161,8
bm_usr_005162,5
bm_usr_005163,2
bm_usr_005164,1
bm_usr_005165,3
bm_usr_005166,5
bm_usr_005167,2
bm_usr_005168,3
bm_usr_005169,6
bm_usr_005170,3
bm_usr_005171,4
bm_usr_005172,2
bm_usr_005173,2
bm_usr_005174,4
bm_usr_005175,3
bm_usr_005176,2
bm_usr_005177,5
bm_usr_005178,3
bm_usr_005179,3
bm_usr_005180,4
bm_usr_005181,2
bm_usr_005182,2
bm_usr_005183,0
bm_usr_005184,5
bm_usr_005185,4
bm_usr_005186,4
bm_usr_005187,3
bm_usr_005188,2
bm_usr_005189,7
bm_usr_005190,1
bm_usr_005191,3
bm_usr_005192,3
bm_usr_005193,6
bm_usr_005194,4
bm_usr_005195,11
bm_usr_005196,0
bm_usr_005197,4
bm_usr_005198,4
bm_usr_005199,8
bm_usr_005200,4
bm_usr_005201,9
bm_usr_005202,8
bm_usr_005203,5
bm_usr_005204,4
bm_usr_005205,3
bm_usr_005206,3
bm_usr_005207,8
bm_usr_005208,4
bm_usr_005209,4
bm_usr_005210,3
bm_usr_005211,1
bm_usr_005212,7
bm_usr_005213,4
bm_usr_005214,5
bm_usr_005215,3
bm_usr_005216,4
bm_usr_005217,3
bm_usr_005218,1
bm_usr_005219,1
bm_usr_005220,4
bm_usr_005221,2
bm_usr_005222,1
bm_usr_005223,4
bm_usr_005224,5
bm_usr_005225,4
bm_usr_005226,0
bm_usr_005227,3
bm_usr_005228,3
bm_usr_005229,3
bm_usr_005230,0
bm_usr_005231,2
bm_usr_005232,6
bm_usr_005233,6
bm_usr_005234,3
bm_usr_005235,3
bm_usr_005236,1
bm_usr_005237,9
bm_usr_005238,5
bm_usr_005239,4
bm_usr_005240,12
bm_usr_005241,8
bm_usr_005242,2
bm_usr_005243,0
bm_usr_005244,2
bm_usr_005245,10
bm_usr_005246,3
bm_usr_005247,1
bm_usr_005248,3
bm_usr_005249,3
bm_usr_005250,3
bm_usr_005251,0
bm_usr_005252,3
bm_usr_005253,8
bm_usr_005254,2
bm_usr_005255,6
bm_usr_005256,6
bm_usr_005257,2
bm_usr_005258,7
bm_usr_005259,3
bm_usr_005260,8
bm_usr_005261,3
bm_usr_005262,4
bm_usr_005263,7
bm_usr_005264,9
bm_usr_005265,2
bm_usr_005266,5
bm_usr_005267,2
bm_usr_005268,5
bm_usr_005269,4
bm_usr_005270,3
bm_usr_005271,6
bm_usr_005272,9
bm_usr_005273,4
bm_usr_005274,4
bm_usr_005275,3
bm_usr_005276,3
bm_usr_005277,7
bm_usr_005278,4
bm_usr_005279,3
bm_usr_005280,6
bm_usr_005281,9
bm_usr_005282,6
bm_usr_005283,6
bm_usr_005284,3
bm_usr_005285,4
bm_usr_005286,6
bm_usr_005287,5
bm_usr_005288,1
bm_usr_005289,2
bm_usr_005290,4
bm_usr_005291,3
bm_usr_005292,6
bm_usr_005293,6
bm_usr_005294,1
bm_usr_005295,5
bm_usr_005296,2
bm_usr_005297,4
bm_usr_005298,1
bm_usr_005299,6
bm_usr_005300,5
bm_usr_005301,8
bm_usr_005302,2
bm_usr_005303,3
bm_usr_005304,4
bm_usr_005305,3
bm_usr_005306,4
bm_usr_005307,2
bm_usr_005308,1
bm_usr_005309,2
bm_usr_005310,1
bm_usr_005311,4
bm_usr_005312,2
bm_usr_005313,3
bm_usr_005314,1
bm_usr_005315,3
bm_usr_005316,2
bm_usr_005317,3
bm_usr_005318,2
bm_usr_005319,7
bm_usr_005320,2
bm_usr_005321,2
bm_usr_005322,9
bm_usr_005323,3
bm_usr_005324,1
bm_usr_005325,2
bm_usr_005326,5
bm_usr_005327,2
bm_usr_005328,6
bm_usr_005329,7
bm_usr_005330,3
bm_usr_005331,3
bm_usr_005332,4
bm_usr_005333,2
bm_usr_005334,7
bm_usr_005335,2
bm_usr_005336,4
bm_usr_005337,7
bm_usr_005338,7
bm_usr_005339,8
bm_usr_005340,1
bm_usr_005341,1
bm_usr_005342,5
bm_usr_005343,4
bm_usr_005344,5
bm_usr_005345,4
bm_usr_005346,3
bm_usr_005347,5
bm_usr_005348,2
bm_usr_005349,1
bm_usr_005350,7
bm_usr_005351,2
bm_usr_005352,3
bm_usr_005353,10
bm_usr_005354,7
bm_usr_005355,2
bm_usr_005356,6
bm_usr_005357,3
bm_usr_005358,7
bm_usr_005359,2
bm_usr_005360,1
bm_usr_005361,1
bm_usr_005362,2
bm_usr_005363,5
bm_usr_005364,6
bm_usr_005365,4
bm_usr_005366,6
bm_usr_005367,6
bm_usr_005368,4
bm_usr_005369,5
bm_usr_005370,3
bm_usr_005371,8
bm_usr_005372,0
bm_usr_005373,1
bm_usr_005374,4
bm_usr_005375,11
bm_usr_005376,4
bm_usr_005377,8
bm_usr_005378,6
bm_usr_005379,2
bm_usr_005380,10
bm_usr_005381,2
bm_usr_005382,7
bm_usr_005383,7
bm_usr_005384,5
bm_usr_005385,5
bm_usr_005386,3
bm_usr_005387,5
bm_usr_005388,5
bm_usr_005389,4
bm_usr_005390,0
bm_usr_005391,9
bm_usr_005392,4
bm_usr_005393,3
bm_usr_005394,3
bm_usr_005395,6
bm_usr_005396,4
bm_usr_005397,6
bm_usr_005398,6
bm_usr_005399,4
bm_usr_005400,7
bm_usr_005401,4
bm_usr_005402,4
bm_usr_005403,2
bm_usr_005404,6
bm_usr_005405,1
bm_usr_005406,5
bm_usr_005407,3
bm_usr_005408,2
bm_usr_005409,5
bm_usr_005410,3
bm_usr_005411,6
bm_usr_005412,3
bm_usr_005413,0
bm_usr_005414,3
bm_usr_005415,4
bm_usr_005416,2
bm_usr_005417,0
bm_usr_005418,4
bm_usr_005419,3
bm_usr_005420,5
bm_usr_005421,1
bm_usr_005422,5
bm_usr_005423,1
bm_usr_005424,3
bm_usr_005425,4
bm_usr_005426,2
bm_usr_005427,6
bm_usr_005428,5
bm_usr_005429,4
bm_usr_005430,4
bm_usr_005431,1
bm_usr_005432,2
bm_usr_005433,4
bm_usr_005434,6
bm_usr_005435,3
bm_usr_005436,7
bm_usr_005437,3
bm_usr_005438,2
bm_usr_005439,5
bm_usr_005440,5
bm_usr_005441,2
bm_usr_005442,5
bm_usr_005443,4
bm_usr_005444,1
bm_usr_005445,6
bm_usr_005446,3
bm_usr_005447,5
bm_usr_005448,2
bm_usr_005449,3
bm_usr_005450,3
bm_usr_005451,1
bm_usr_005452,4
bm_usr_005453,5
bm_usr_005454,7
bm_usr_005455,1
bm_usr_005456,5
bm_usr_005457,5
bm_usr_005458,4
bm_usr_005459,4
bm_usr_005460,2
bm_usr_005461,6
bm_usr_005462,3
bm_usr_005463,2
bm_usr_005464,1
bm_usr_005465,4
bm_usr_005466,3
bm_usr_005467,1
bm_usr_005468,3
bm_usr_005469,6
bm_usr_005470,3
bm_usr_005471,2
bm_usr_005472,9
bm_usr_005473,4
bm_usr_005474,4
bm_usr_005475,5
bm_usr_005476,7
bm_usr_005477,3
bm_usr_005478,6
bm_usr_005479,2
bm_usr_005480,12
bm_usr_005481,2
bm_usr_005482,2
bm_usr_005483,5
bm_usr_005484,0
bm_usr_005485,7
bm_usr_005486,8
bm_usr_005487,2
bm_usr_005488,3
bm_usr_005489,6
bm_usr_005490,6
bm_usr_005491,4
bm_usr_005492,5
bm_usr_005493,2
bm_usr_005494,0
bm_usr_005495,5
bm_usr_005496,4
bm_usr_005497,4
bm_usr_005498,1
bm_usr_005499,10
bm_usr_005500,4
bm_usr_005501,7
bm_usr_005502,6
bm_usr_005503,0
bm_usr_005504,6
bm_usr_005505,4
bm_usr_005506,5
bm_usr_005507,6
bm_usr_005508,3
bm_usr_005509,2
bm_usr_005510,2
bm_usr_005511,0
bm_usr_005512,4
bm_usr_005513,2
bm_usr_005514,3
bm_usr_005515,3
bm_usr_005516,1
bm_usr_005517,4
bm_usr_005518,9
bm_usr_005519,4
bm_usr_005520,10
bm_usr_005521,3
bm_usr_005522,3
bm_usr_005523,6
bm_usr_005524,4
bm_usr_005525,4
bm_usr_005526,6
bm_usr_005527,5
bm_usr_005528,6
bm_usr_005529,5
bm_usr_005530,2
bm_usr_005531,4
bm_usr_005532,3
bm_usr_005533,8
bm_usr_005534,3
bm_usr_005535,8
bm_usr_005536,2
bm_usr_005537,6
bm_usr_005538,3
bm_usr_005539,7
bm_usr_005540,2
bm_usr_005541,9
bm_usr_005542,7
bm_usr_005543,4
bm_usr_005544,5
bm_usr_005545,4
bm_usr_005546,1
bm_usr_005547,4
bm_usr_005548,1
bm_usr_005549,6
bm_usr_005550,4
bm_usr_005551,3
bm_usr_005552,7
bm_usr_005553,2
bm_usr_005554,1
bm_usr_005555,2
bm_usr_005556,2
bm_usr_005557,1
bm_usr_005558,4
bm_usr_005559,4
bm_usr_005560,11
bm_usr_005561,3
bm_usr_005562,2
bm_usr_005563,6
bm_usr_005564,2
bm_usr_005565,2
bm_usr_005566,0
bm_usr_005567,4
bm_usr_005568,3
bm_usr_005569,2
bm_usr_005570,3
bm_usr_005571,3
bm_usr_005572,5
bm_usr_005573,2
bm_usr_005574,3
bm_usr_005575,3
bm_usr_005576,7
bm_usr_005577,1
bm_usr_005578,2
bm_usr_005579,5
bm_usr_005580,5
bm_usr_005581,4
bm_usr_005582,2
bm_usr_005583,2
bm_usr_005584,6
bm_usr_005585,3
bm_usr_005586,2
bm_usr_005587,5
bm_usr_005588,5
bm_usr_005589,8
bm_usr_005590,9
bm_usr_005591,3
bm_usr_005592,5
bm_usr_005593,3
bm_usr_005594,2
bm_usr_005595,4
bm_usr_005596,3
bm_usr_005597,9
bm_usr_005598,4
bm_usr_005599,4
bm_usr_005600,5
bm_usr_005601,4
bm_usr_005602,3
bm_usr_005603,3
bm_usr_005604,5
bm_usr_005605,6
bm_usr_005606,4
bm_usr_005607,1
bm_usr_005608,5
bm_usr_005609,3
bm_usr_005610,2
bm_usr_005611,0
bm_usr_005612,2
bm_usr_005613,6
bm_usr_005614,4
bm_usr_005615,4
bm_usr_005616,4
bm_usr_005617,5
bm_usr_005618,3
bm_usr_005619,4
bm_usr_005620,4
bm_usr_005621,3
bm_usr_005622,1
bm_usr_005623,2
bm_usr_005624,8
bm_usr_005625,3
bm_usr_005626,6
bm_usr_005627,1
bm_usr_005628,1
bm_usr_005629,0
bm_usr_005630,5
bm_usr_005631,9
bm_usr_005632,7
bm_usr_005633,4
bm_usr_005634,7
bm_usr_005635,4
bm_usr_005636,0
bm_usr_005637,4
bm_usr_005638,5
bm_usr_005639,8
bm_usr_005640,4
bm_usr_005641,4
bm_usr_005642,6
bm_usr_005643,6
bm_usr_005644,4
bm_usr_005645,8
bm_usr_005646,1
bm_usr_005647,5
bm_usr_005648,4
bm_usr_005649,6
bm_usr_005650,2
bm_usr_005651,2
bm_usr_005652,2
bm_usr_005653,4
bm_usr_005654,5
bm_usr_005655,10
bm_usr_005656,1
bm_usr_005657,3
bm_usr_005658,4
bm_usr_005659,2
bm_usr_005660,4
bm_usr_005661,4
bm_usr_005662,5
bm_usr_005663,2
bm_usr_005664,1
bm_usr_005665,2
bm_usr_005666,5
bm_usr_005667,2
bm_usr_005668,3
bm_usr_005669,6
bm_usr_005670,2
bm_usr_005671,6
bm_usr_005672,4
bm_usr_005673,5
bm_usr_005674,2
bm_usr_005675,3
bm_usr_005676,6
bm_usr_005677,11
bm_usr_005678,7
bm_usr_005679,1
bm_usr_005680,2
bm_usr_005681,1
bm_usr_005682,2
bm_usr_005683,3
bm_usr_005684,5
bm_usr_005685,4
bm_usr_005686,3
bm_usr_005687,5
bm_usr_005688,7
bm_usr_005689,2
bm_usr_005690,1
bm_usr_005691,2
bm_usr_005692,3
bm_usr_005693,6
bm_usr_005694,7
bm_usr_005695,5
bm_usr_005696,5
bm_usr_005697,3
bm_usr_005698,3
bm_usr_005699,1
bm_usr_005700,0
bm_usr_005701,3
bm_usr_005702,8
bm_usr_005703,11
bm_usr_005704,2
bm_usr_005705,4
bm_usr_005706,7
bm_usr_005707,5
bm_usr_005708,5
bm_usr_005709,3
bm_usr_005710,3
bm_usr_005711,6
bm_usr_005712,3
bm_usr_005713,3
bm_usr_005714,5
bm_usr_005715,3
bm_usr_005716,7
bm_usr_005717,1
bm_usr_005718,8
bm_usr_005719,3
bm_usr_005720,5
bm_usr_005721,3
bm_usr_005722,4
bm_usr_005723,2
bm_usr_005724,5
bm_usr_005725,2
bm_usr_005726,3
bm_usr_005727,7
bm_usr_005728,8
bm_usr_005729,5
bm_usr_005730,5
bm_usr_005731,3
bm_usr_005732,4
bm_usr_005733,12
bm_usr_005734,7
bm_usr_005735,8
bm_usr_005736,5
bm_usr_005737,3
bm_usr_005738,3
bm_usr_005739,5
bm_usr_005740,4
bm_usr_005741,10
bm_usr_005742,4
bm_usr_005743,7
bm_usr_005744,4
bm_usr_005745,5
bm_usr_005746,3
bm_usr_005747,1
bm_usr_005748,4
bm_usr_005749,7
bm_usr_005750,5
bm_usr_005751,8
bm_usr_005752,6
bm_usr_005753,3
bm_usr_005754,3
bm_usr_005755,3
bm_usr_005756,6
bm_usr_005757,3
bm_usr_005758,6
bm_usr_005759,7
bm_usr_005760,10
bm_usr_005761,7
bm_usr_005762,3
bm_usr_005763,3
bm_usr_005764,7
bm_usr_005765,1
bm_usr_005766,4
bm_usr_005767,2
bm_usr_005768,4
bm_usr_005769,4
bm_usr_005770,4
bm_usr_005771,5
bm_usr_005772,5
bm_usr_005773,2
bm_usr_005774,3
bm_usr_005775,3
bm_usr_005776,0
bm_usr_005777,5
bm_usr_005778,2
bm_usr_005779,2
bm_usr_005780,8
bm_usr_005781,3
bm_usr_005782,8
bm_usr_005783,2
bm_usr_005784,3
bm_usr_005785,3
bm_usr_005786,7
bm_usr_005787,2
bm_usr_005788,3
bm_usr_005789,8
bm_usr_005790,8
bm_usr_005791,2
bm_usr_005792,4
bm_usr_005793,4
bm_usr_005794,3
bm_usr_005795,4
bm_usr_005796,7
bm_usr_005797,1
bm_usr_005798,3
bm_usr_005799,4
bm_usr_005800,3
bm_usr_005801,2
bm_usr_005802,1
bm_usr_005803,0
bm_usr_005804,3
bm_usr_005805,3
bm_usr_005806,8
bm_usr_005807,7
bm_usr_005808,5
bm_usr_005809,0
bm_usr_005810,2
bm_usr_005811,10
bm_usr_005812,1
bm_usr_005813,3
bm_usr_005814,5
bm_usr_005815,2
bm_usr_005816,7
bm_usr_005817,12
bm_usr_005818,4
bm_usr_005819,4
bm_usr_005820,8
bm_usr_005821,3
bm_usr_005822,2
bm_usr_005823,12
bm_usr_005824,6
bm_usr_005825,6
bm_usr_005826,3
bm_usr_005827,8
bm_usr_005828,2
bm_usr_005829,6
bm_usr_005830,3
bm_usr_005831,6
bm_usr_005832,1
bm_usr_005833,3
bm_usr_005834,1
bm_usr_005835,1
bm_usr_005836,11
bm_usr_005837,5
bm_usr_005838,3
bm_usr_005839,5
bm_usr_005840,3
bm_usr_005841,3
bm_usr_005842,3
bm_usr_005843,2
bm_usr_005844,2
bm_usr_005845,9
bm_usr_005846,1
bm_usr_005847,4
bm_usr_005848,1
bm_usr_005849,0
bm_usr_005850,8
bm_usr_005851,3
bm_usr_005852,10
bm_usr_005853,2
bm_usr_005854,4
bm_usr_005855,3
bm_usr_005856,3
bm_usr_005857,5
bm_usr_005858,4
bm_usr_005859,5
bm_usr_005860,2
bm_usr_005861,5
bm_usr_005862,4
bm_usr_005863,3
bm_usr_005864,1
bm_usr_005865,3
bm_usr_005866,3
bm_usr_005867,4
bm_usr_005868,2
bm_usr_005869,5
bm_usr_005870,1
bm_usr_005871,4
bm_usr_005872,4
bm_usr_005873,3
bm_usr_005874,2
bm_usr_005875,2
bm_usr_005876,8
bm_usr_005877,4
bm_usr_005878,7
bm_usr_005879,4
bm_usr_005880,11
bm_usr_005881,2
bm_usr_005882,4
bm_usr_005883,6
bm_usr_005884,3
bm_usr_005885,3
bm_usr_005886,3
bm_usr_005887,15
bm_usr_005888,6
bm_usr_005889,11
bm_usr_005890,10
bm_usr_005891,3
bm_usr_005892,5
bm_usr_005893,4
bm_usr_005894,3
bm_usr_005895,6
bm_usr_005896,4
bm_usr_005897,5
bm_usr_005898,3
bm_usr_005899,3
bm_usr_005900,4
bm_usr_005901,8
bm_usr_005902,9
bm_usr_005903,4
bm_usr_005904,5
bm_usr_005905,2
bm_usr_005906,2
bm_usr_005907,2
bm_usr_005908,5
bm_usr_005909,3
bm_usr_005910,7
bm_usr_005911,11
bm_usr_005912,5
bm_usr_005913,2
bm_usr_005914,3
bm_usr_005915,3
bm_usr_005916,4
bm_usr_005917,3
bm_usr_005918,3
bm_usr_005919,6
bm_usr_005920,7
bm_usr_005921,3
bm_usr_005922,3
bm_usr_005923,4
bm_usr_005924,1
bm_usr_005925,7
bm_usr_005926,7
bm_usr_005927,3
bm_usr_005928,3
bm_usr_005929,4
bm_usr_005930,6
bm_usr_005931,4
bm_usr_005932,5
bm_usr_005933,3
bm_usr_005934,8
bm_usr_005935,4
bm_usr_005936,4
bm_usr_005937,5
bm_usr_005938,5
bm_usr_005939,2
bm_usr_005940,8
bm_usr_005941,1
bm_usr_005942,5
bm_usr_005943,2
bm_usr_005944,4
bm_usr_005945,2
bm_usr_005946,13
bm_usr_005947,4
bm_usr_005948,2
bm_usr_005949,5
bm_usr_005950,2
bm_usr_005951,10
bm_usr_005952,4
bm_usr_005953,7
bm_usr_005954,5
bm_usr_005955,3
bm_usr_005956,8
bm_usr_005957,4
bm_usr_005958,3
bm_usr_005959,2
bm_usr_005960,2
bm_usr_005961,2
bm_usr_005962,3
bm_usr_005963,3
bm_usr_005964,4
bm_usr_005965,6
bm_usr_005966,0
bm_usr_005967,4
bm_usr_005968,4
bm_usr_005969,6
bm_usr_005970,6
bm_usr_005971,6
bm_usr_005972,4
bm_usr_005973,6
bm_usr_005974,2
bm_usr_005975,4
bm_usr_005976,4
bm_usr_005977,4
bm_usr_005978,4
bm_usr_005979,1
bm_usr_005980,4
bm_usr_005981,7
bm_usr_005982,2
bm_usr_005983,14
bm_usr_005984,4
bm_usr_005985,2
bm_usr_005986,3
bm_usr_005987,0
bm_usr_005988,13
bm_usr_005989,3
bm_usr_005990,5
bm_usr_005991,3
bm_usr_005992,3
bm_usr_005993,8
bm_usr_005994,6
bm_usr_005995,0
bm_usr_005996,4
bm_usr_005997,6
bm_usr_005998,4
bm_usr_005999,4
bm_usr_006000,2
